,0STUDENTID,1ACADYEAR,2SEMESTER,3COURSEID,4RESULT,AN201,AS171,AS177,AS178,AT207,AT307,AT316,AT326,AT336,AT346,AT366,BA291,CF366,CF367,CJ315,CJ316,CJ317,CJ321,CN342,CS101,CS102,CS105,CS111,CS115,CS211,CS213,CS214,CS215,CS222,CS223,CS231,CS251,CS261,CS275,CS281,CS284,CS285,CS286,CS288,CS289,CS295,CS296,CS297,CS300,CS301,CS302,CS311,CS314,CS326,CS328,CS341,CS342,CS348,CS356,CS359,CS365,CS366,CS367,CS374,CS377,CS385,CS386,CS387,CS388,CS395,CS396,CS397,CS398,CS399,CS401,CS402,CS407,CS408,CS409,CS426,CS427,CS429,CS446,CS447,CS449,CS456,CS457,CS459,CS467,CS469,CS479,CS486,CS487,CS488,CS489,CS496,CS499,DM201,DM207,DM215,EC210,EG241,EL070,EL171,EL172,EL202,EL231,EL295,EL395,ES256,ES356,ES456,FD211,FN211,GE225,GE311,HO201,HR201,HS266,HS269,HS356,HS360,IS201,JC200,JC201,JC260,JC281,JP171,JP172,LA209,MA211,MA212,MA216,MA217,MA221,MA332,MU100,MU130,MU135,MU165,MU202,MU275,MU277,MU278,MW313,MW314,MW318,NS112,NS132,PC286,PE240,PE245,PM215,PM235,PM236,PY211,PY217,PY218,PY226,PY228,PY237,PY267,RE333,RT326,SC123,SC135,SC173,SC185,SN212,SO201,ST216,ST217,ST218,ST326,SW111,SW201,SW212,SW213,SW214,SW221,SW222,SW223,SW224,SW335,SW365,SW366,SW467,SW475,SW478,SW486,SW489,SW496,TA395,TD436,TH161,TU100,TU110,TU111,TU113,TU115,TU116,TU120,TU121,TU122,TU130,TU153,TU154,TU156,PROVINCEID,SCHOOLGPA
4264,336722,2554,2,CS367,7,0,0,0,0.0,0,0.0,0,0,0,0,0,0,0,0,0,0,0,0,0,6,5,0,6,0,0,6,8,0,6,6,0,6,6,0,7,6,0,0,0,0,0,0,0,0,0,0,0,4,0,0,6,0,0,0,0,7,0,0,0,0,0,0,0,0,6,0,0,0,0,0,0,0,0,0,0,0,0,0,0,0,0,0,0,0,0,0,0,0,0,0,0,0,0,0.0,0.0,0,0,0,5,5,0,0,6,7,0,0,0,0,0,0,0,8,0,0,0,0,0,0,0,0,0,0.0,0,0.0,0,4,7,0,0,0,6,0,0,0,0.0,0,0,0,0.0,8,8,0,0,0,0.0,0,0,0,0,0,0.0,0.0,0,0.0,6,0,0,0,0,0,6,0,6,0,0,5,0.0,0.0,0.0,0,0.0,8,0,0,0,0,0,0,8,0,0,0,8,0,0,0.0,0.0,0,0,6,0,6,0.0,0.0,0,0,7,0.0,0,7,0,6,0.0,44.0,3.15
12195,354669,2555,2,CS367,8,0,0,0,0.0,0,0.0,0,0,0,0,0,0,0,0,0,0,0,0,0,6,7,0,6,0,0,6,7,0,6,7,0,5,6,0,6,7,0,0,0,0,0,0,0,0,0,0,0,6,0,0,6,0,0,0,0,7,0,0,0,0,0,0,0,0,5,0,0,0,0,0,0,0,0,0,0,0,0,0,0,0,0,0,0,0,0,0,0,0,0,0,0,0,0,0.0,0.0,0,0,0,6,6,0,0,6,5,0,0,0,0,0,0,0,7,0,0,0,0,0,0,0,0,0,0.0,0,0.0,0,3,6,0,0,0,6,0,0,0,0.0,0,0,0,0.0,0,0,0,0,0,0.0,0,0,0,0,0,0.0,0.0,0,0.0,6,0,0,0,0,7,0,6,0,0,0,5,0.0,0.0,0.0,0,0.0,0,0,0,0,0,0,0,0,0,0,0,0,0,0,0.0,0.0,0,0,7,0,6,0.0,0.0,0,0,7,0.0,0,6,0,6,0.0,1.0,3.66
3713,336710,2554,2,CS367,6,0,0,0,0.0,0,0.0,0,0,0,0,0,0,0,0,0,0,0,0,0,6,7,0,5,0,0,5,8,0,5,5,0,5,5,0,5,6,0,0,0,0,0,0,0,0,0,0,0,4,0,0,6,0,0,0,0,6,0,0,0,0,0,0,0,0,5,0,0,0,0,0,0,0,0,0,0,0,0,0,0,0,0,0,0,0,0,0,0,0,0,0,0,0,0,0.0,0.0,0,0,0,5,5,0,0,6,5,0,0,0,0,0,0,0,7,0,0,0,0,0,0,0,0,0,0.0,0,0.0,0,6,6,0,0,0,6,0,0,0,0.0,0,0,0,0.0,0,0,0,0,0,0.0,0,0,0,0,0,0.0,0.0,0,0.0,6,0,0,0,0,0,7,0,6,0,0,6,0.0,0.0,0.0,0,0.0,7,0,0,7,0,0,0,7,0,0,0,7,0,0,0.0,0.0,0,0,5,0,5,0.0,0.0,0,0,7,0.0,0,6,0,6,0.0,60.0,3.37
3776,336712,2554,2,CS367,8,0,0,0,0.0,0,0.0,0,0,0,0,0,0,0,0,0,0,0,0,0,6,6,0,6,0,0,5,7,0,5,3,0,6,6,0,6,6,0,0,0,0,0,0,0,0,0,0,0,0,0,0,0,0,0,0,0,6,0,0,0,0,0,0,0,0,6,0,0,0,0,0,0,0,0,7,0,0,0,0,0,0,0,0,0,0,0,0,0,0,0,0,0,0,0,0.0,0.0,0,0,0,7,6,0,0,7,7,0,0,0,0,0,0,0,7,0,0,0,0,0,0,0,0,0,0.0,0,0.0,0,3,6,0,0,0,5,0,0,0,0.0,0,0,0,0.0,7,0,0,0,0,0.0,0,0,0,0,0,0.0,0.0,0,0.0,6,0,0,0,0,4,0,6,0,0,0,5,0.0,0.0,0.0,0,0.0,7,0,0,0,0,0,0,0,0,0,0,0,0,0,0.0,0.0,0,0,6,0,5,0.0,0.0,0,0,8,0.0,0,6,0,5,0.0,57.0,3.17
11102,352726,2555,2,CS367,7,0,0,0,0.0,0,0.0,0,0,0,0,0,0,0,0,0,0,0,0,0,5,6,0,5,0,0,6,8,0,6,6,0,6,7,0,6,6,0,0,0,0,3,7,0,0,0,0,0,3,0,0,6,0,0,0,0,6,0,0,0,0,0,0,0,0,5,0,0,0,0,0,0,0,0,0,0,0,0,0,0,0,0,0,0,0,0,0,0,0,0,0,0,0,0,0.0,0.0,0,0,0,6,7,0,0,6,6,0,0,0,0,0,0,0,7,0,0,0,0,0,0,0,0,0,0.0,0,0.0,0,3,5,0,0,0,5,0,0,0,0.0,0,0,0,0.0,0,0,0,0,0,0.0,0,0,0,0,0,0.0,0.0,0,0.0,6,0,0,0,0,0,6,0,6,0,0,5,0.0,0.0,0.0,0,0.0,7,0,0,0,0,0,0,0,0,0,0,0,0,0,0.0,0.0,0,0,7,0,6,0.0,0.0,0,0,7,0.0,0,6,0,5,0.0,71.0,3.18
22557,398016,2557,2,CS367,0,0,0,0,0.0,0,0.0,0,0,0,0,0,0,0,0,0,7,0,7,0,6,5,0,4,0,0,4,6,0,6,6,0,5,5,0,4,5,0,0,0,0,0,0,0,0,7,0,0,0,0,0,3,0,0,0,0,5,0,0,0,0,0,0,0,0,0,0,0,0,0,0,0,0,0,0,0,0,0,0,0,0,0,0,0,0,0,0,0,0,0,0,0,0,0,0.0,0.0,0,0,0,6,6,0,0,5,5,0,6,5,0,0,0,0,8,0,0,0,0,0,0,0,0,0,0.0,0,0.0,0,3,0,0,0,0,0,0,0,0,0.0,0,0,0,0.0,0,0,0,0,0,0.0,0,0,0,0,0,0.0,0.0,0,0.0,8,0,0,0,0,0,3,0,5,0,6,5,0.0,0.0,0.0,0,0.0,0,0,0,7,0,0,0,0,0,0,0,0,7,0,0.0,0.0,0,0,6,0,5,0.0,0.0,0,0,7,0.0,0,6,0,3,0.0,1.0,3.14
11742,354657,2555,2,CS367,8,0,0,0,0.0,0,0.0,0,0,0,0,0,0,0,0,0,0,0,0,0,7,7,0,7,0,0,6,8,0,6,6,0,6,6,0,6,7,0,0,0,0,0,0,0,0,0,0,0,3,0,0,7,0,0,0,0,7,0,0,0,0,0,0,0,0,6,0,0,0,0,0,0,0,0,0,0,0,0,0,0,0,0,0,0,0,0,0,0,0,0,0,0,0,0,0.0,0.0,0,0,0,6,7,0,0,7,6,0,0,0,0,0,0,0,7,0,0,0,0,0,0,0,0,0,0.0,0,0.0,0,3,7,0,0,0,5,0,0,0,0.0,0,0,0,0.0,0,7,0,0,0,0.0,0,0,0,0,0,0.0,0.0,0,0.0,6,0,0,0,0,0,6,0,7,0,0,6,0.0,0.0,0.0,0,0.0,0,0,0,7,0,0,0,0,7,0,0,0,0,0,0.0,0.0,0,0,8,0,6,0.0,0.0,0,0,8,0.0,0,8,0,6,0.0,1.0,3.45
5703,336755,2554,2,CS367,6,0,0,0,0.0,0,0.0,0,0,0,0,0,0,0,0,0,0,0,0,0,5,5,0,5,0,0,3,0,0,5,5,0,6,5,0,0,5,0,0,0,0,0,0,0,0,0,0,0,4,0,0,6,0,0,0,0,6,0,0,0,0,0,0,0,0,0,0,0,0,0,0,0,0,0,0,0,0,0,0,0,0,0,0,0,0,0,0,0,0,0,0,0,0,0,0.0,0.0,0,0,0,5,5,0,0,6,0,0,0,0,0,0,0,0,7,0,0,0,0,0,0,0,0,0,0.0,0,0.0,0,5,3,0,0,0,4,0,0,0,0.0,0,0,0,0.0,8,0,0,0,0,0.0,0,0,0,0,0,0.0,0.0,0,0.0,6,0,0,0,0,0,6,0,6,0,0,3,0.0,0.0,0.0,8,0.0,7,0,0,8,0,0,0,8,8,0,0,8,0,0,0.0,0.0,0,0,6,0,4,0.0,0.0,0,0,6,0.0,0,6,0,4,0.0,15.0,3.47
4894,336736,2554,2,CS367,7,0,0,0,0.0,0,0.0,0,0,0,0,0,0,0,0,0,0,0,0,0,6,7,0,6,0,0,6,7,0,6,5,0,6,5,0,6,5,0,0,0,0,0,0,0,0,0,0,0,8,0,0,7,0,0,0,0,7,0,0,0,0,0,0,0,0,5,0,0,0,0,0,0,0,0,0,0,0,0,0,0,0,0,0,0,0,0,0,0,0,0,0,0,0,0,0.0,0.0,0,0,2,6,5,0,0,5,6,0,0,0,0,0,0,0,7,0,0,0,0,0,0,0,0,0,0.0,0,0.0,0,5,0,0,0,0,6,0,0,0,0.0,0,0,0,0.0,7,0,0,0,0,0.0,0,0,0,0,0,0.0,0.0,0,0.0,6,0,0,0,0,0,7,0,6,0,0,6,0.0,0.0,0.0,0,0.0,6,0,0,0,0,0,0,7,0,0,0,7,0,0,0.0,0.0,0,0,6,0,5,0.0,0.0,0,0,7,0.0,0,6,0,6,0.0,1.0,2.87
13254,361077,2555,2,CS367,8,0,0,0,0.0,0,0.0,0,0,0,0,0,7,0,0,0,0,0,0,0,7,7,0,6,0,0,5,7,0,6,6,0,7,7,0,7,7,0,0,0,0,0,0,0,0,0,0,0,7,0,0,7,0,0,0,0,8,0,0,0,0,0,0,0,0,6,0,0,0,0,0,0,0,0,0,0,0,0,0,0,0,0,0,0,0,0,0,0,0,0,0,0,0,0,0.0,0.0,0,0,2,7,6,0,0,6,6,0,0,0,0,0,0,0,0,0,0,0,0,0,0,0,0,0,0.0,0,0.0,0,5,3,0,0,0,7,0,0,0,0.0,0,0,0,0.0,0,0,0,0,0,0.0,0,0,0,0,0,0.0,0.0,0,0.0,6,0,0,0,0,0,6,0,5,0,0,7,0.0,0.0,0.0,0,0.0,0,0,0,0,0,0,0,0,0,0,0,0,0,0,0.0,0.0,0,0,8,0,6,0.0,0.0,0,0,7,0.0,0,7,0,6,0.0,19.0,3.17
22597,398017,2557,2,CS367,0,0,0,0,0.0,0,0.0,0,0,0,0,0,0,0,0,0,0,0,7,0,5,5,0,5,0,0,5,7,0,3,3,0,6,5,0,6,5,0,0,0,0,0,0,0,0,0,0,0,0,0,0,0,0,0,0,0,7,0,0,0,0,0,0,0,0,0,0,0,0,0,0,0,0,0,0,0,0,0,0,0,0,0,0,0,0,0,0,0,0,0,0,0,0,0,0.0,0.0,0,0,2,6,6,0,0,6,5,0,0,0,0,0,0,0,7,0,0,0,0,0,0,0,0,0,0.0,0,0.0,0,3,0,0,0,0,0,0,0,0,0.0,0,0,0,0.0,0,0,0,0,0,0.0,0,0,0,0,0,0.0,0.0,0,0.0,7,0,0,0,0,0,3,0,6,0,0,0,0.0,0.0,0.0,0,0.0,0,0,0,7,0,0,0,0,0,0,0,0,7,0,0.0,0.0,0,0,5,0,5,0.0,0.0,0,0,7,0.0,0,6,0,3,0.0,1.0,2.66
12044,354664,2555,2,CS367,7,0,0,0,0.0,0,0.0,0,0,0,0,0,0,0,0,0,0,0,0,0,6,6,0,5,0,0,6,7,0,6,5,0,6,6,0,5,6,0,0,0,0,0,0,0,0,0,0,0,5,0,0,6,0,0,0,0,6,0,0,0,0,0,0,0,0,5,0,0,0,0,0,0,0,0,0,0,0,0,0,0,0,0,0,0,0,0,0,0,0,0,0,0,0,0,0.0,0.0,0,0,0,5,5,0,0,6,5,0,0,0,0,0,0,0,7,0,0,0,0,0,0,0,0,0,0.0,0,0.0,0,3,8,0,0,0,6,0,0,0,0.0,0,0,0,0.0,0,0,0,0,0,0.0,0,0,0,0,0,0.0,0.0,0,0.0,6,0,0,0,0,0,6,0,6,0,0,6,0.0,0.0,0.0,6,0.0,7,0,0,0,0,0,0,0,0,0,0,0,0,0,0.0,0.0,0,0,6,0,5,0.0,0.0,0,0,7,0.0,0,6,0,5,0.0,41.0,3.27
5653,336754,2555,2,CS367,6,0,0,0,0.0,0,0.0,0,0,0,0,0,0,0,0,0,0,0,0,0,6,5,0,3,0,0,6,7,0,5,6,0,6,6,0,6,5,0,0,0,0,0,0,0,0,7,0,0,5,7,0,5,0,0,0,0,6,0,0,4,0,0,0,0,0,5,0,0,0,0,8,0,0,0,0,0,0,0,0,0,0,0,0,0,0,0,0,0,0,0,0,0,0,0,0.0,0.0,0,0,0,3,5,0,0,5,3,0,0,0,0,0,0,0,7,0,0,0,0,0,0,0,0,0,0.0,0,0.0,0,3,3,0,0,0,6,0,0,0,0.0,0,0,0,0.0,7,0,0,0,0,0.0,0,0,0,0,0,0.0,0.0,0,0.0,6,0,0,0,0,3,5,3,6,0,0,6,0.0,0.0,0.0,7,0.0,0,0,0,0,0,0,0,0,8,0,0,8,0,0,0.0,0.0,0,0,6,0,5,0.0,0.0,0,0,7,0.0,0,6,0,6,0.0,25.0,3.39
18707,383155,2556,2,CS367,6,0,0,0,0.0,0,0.0,0,0,0,0,0,0,0,0,0,0,0,0,0,6,6,0,6,0,0,7,7,0,5,6,0,6,6,0,6,5,0,0,0,0,0,0,0,0,7,0,0,6,0,0,5,0,0,0,0,6,0,0,0,0,0,0,0,0,5,0,0,0,0,0,0,0,0,0,0,0,0,0,0,0,0,0,0,0,0,0,0,0,0,0,0,0,0,0.0,0.0,0,0,2,6,5,0,0,6,5,0,0,0,0,0,0,0,7,0,0,0,0,0,0,0,0,0,0.0,0,0.0,0,3,8,0,0,0,6,0,0,0,0.0,0,0,0,0.0,0,6,0,0,0,0.0,0,0,0,0,0,0.0,0.0,0,0.0,7,0,0,0,0,0,5,0,6,0,0,8,0.0,0.0,0.0,0,0.0,0,0,0,0,0,0,0,0,0,0,0,0,6,0,0.0,0.0,0,0,7,0,5,0.0,0.0,0,0,7,0.0,0,6,0,5,0.0,12.0,3.28
1563,329195,2554,2,CS367,8,0,0,0,0.0,0,0.0,0,0,0,0,0,0,0,0,0,0,0,0,0,7,7,0,7,0,0,8,6,0,8,8,0,6,7,0,7,7,0,0,0,0,0,0,0,0,0,0,0,6,0,0,7,0,0,0,0,8,0,0,0,0,0,0,0,0,8,0,0,0,0,0,0,0,0,8,0,0,0,0,0,0,0,0,0,0,0,0,0,0,0,0,0,0,0,0.0,0.0,0,0,0,6,7,0,0,7,7,0,0,0,0,0,0,0,0,0,0,0,0,0,0,0,0,0,0.0,0,0.0,0,7,6,0,0,0,6,0,0,0,0.0,0,0,0,0.0,0,0,0,0,0,0.0,0,0,0,0,0,0.0,0.0,0,0.0,7,0,0,0,0,0,7,0,7,0,0,5,0.0,0.0,0.0,0,0.0,0,0,0,0,0,0,0,0,0,0,0,0,0,0,0.0,0.0,0,0,6,0,5,0.0,0.0,0,0,5,0.0,0,6,0,6,0.0,1.0,3.33
6689,336783,2554,2,CS367,7,0,0,0,0.0,0,0.0,0,8,0,0,0,0,0,0,0,0,0,0,0,6,5,0,4,0,0,6,6,0,5,5,0,5,5,0,6,7,0,0,0,0,0,0,0,0,0,0,0,0,0,0,7,0,0,0,0,7,0,0,0,0,0,0,0,0,0,0,0,0,0,0,0,0,0,0,0,0,0,0,0,0,0,0,0,0,0,0,0,0,0,0,0,0,0,0.0,0.0,0,0,0,6,6,0,0,6,7,0,0,0,0,0,0,0,7,0,0,0,0,0,0,0,0,0,0.0,0,0.0,0,3,6,0,0,0,5,0,0,0,0.0,0,0,0,0.0,0,7,0,0,0,0.0,0,0,0,0,0,0.0,0.0,0,0.0,6,0,0,0,0,0,7,0,6,0,0,6,0.0,0.0,0.0,7,0.0,6,0,0,0,0,0,0,6,0,0,0,7,0,0,0.0,0.0,0,0,6,0,6,0.0,0.0,0,0,5,0.0,0,6,0,5,0.0,1.0,2.46
4368,336724,2554,2,CS367,7,0,0,0,0.0,0,0.0,0,0,0,0,0,0,0,0,0,0,0,0,0,6,5,0,5,0,0,5,7,0,5,6,0,6,3,0,5,6,0,0,0,0,0,0,0,0,0,0,0,4,0,0,6,0,0,0,0,6,0,0,0,0,0,0,0,0,6,0,0,0,0,0,0,0,0,0,0,0,0,0,0,0,0,0,0,0,0,0,0,0,0,0,0,0,0,0.0,0.0,0,0,0,5,5,0,0,6,0,0,0,0,0,0,0,0,7,0,0,0,0,0,0,0,0,0,0.0,0,0.0,0,5,5,0,0,0,6,0,0,0,0.0,0,0,0,0.0,0,0,0,0,0,0.0,0,0,0,0,0,0.0,0.0,0,0.0,6,0,0,0,0,0,6,0,6,0,0,6,0.0,0.0,0.0,7,0.0,7,0,0,8,0,0,0,7,7,0,0,8,0,0,0.0,0.0,0,0,6,0,5,0.0,0.0,0,0,5,0.0,0,6,0,6,0.0,21.0,3.38
4467,336727,2554,2,CS367,7,0,0,0,0.0,0,0.0,0,0,0,0,0,0,0,0,0,0,0,0,0,6,5,0,6,0,0,3,7,0,6,6,0,6,5,0,6,6,0,0,0,0,0,0,0,0,0,0,0,3,0,0,6,0,0,0,0,6,0,0,0,0,0,0,0,0,0,0,0,0,0,0,0,0,0,0,0,0,0,0,0,0,0,0,0,0,0,0,0,0,0,0,0,0,0,0.0,0.0,0,0,0,5,5,0,0,6,0,0,0,0,0,0,0,0,7,0,0,0,0,0,0,0,0,0,0.0,0,0.0,0,3,3,0,0,0,6,0,0,0,0.0,0,0,0,0.0,0,0,0,0,0,0.0,0,0,0,0,0,0.0,0.0,0,0.0,6,0,0,0,0,0,7,0,6,0,0,4,0.0,0.0,0.0,0,0.0,7,0,0,0,0,0,0,7,0,0,0,7,0,0,0.0,0.0,0,0,6,0,5,0.0,0.0,0,0,8,0.0,0,7,0,5,0.0,12.0,2.96
23694,402946,2557,2,CS367,0,0,0,0,0.0,0,0.0,0,0,0,0,0,0,0,0,7,0,0,0,0,5,5,0,5,0,0,5,6,0,6,5,0,6,6,0,5,6,0,0,0,0,0,0,0,0,6,0,0,6,0,0,6,0,0,0,0,6,0,0,0,0,0,0,0,0,0,0,0,0,0,0,0,0,0,0,0,0,0,0,0,0,8,0,0,0,0,0,0,0,0,0,0,0,0,0.0,0.0,0,0,0,6,6,0,0,5,5,0,0,0,0,0,0,0,3,0,0,0,0,0,0,0,0,0,0.0,0,0.0,0,3,0,0,0,0,0,0,0,0,0.0,0,0,0,0.0,0,0,0,0,0,0.0,0,0,0,0,0,0.0,0.0,0,0.0,6,0,0,0,0,0,3,0,6,0,6,6,0.0,0.0,0.0,0,0.0,0,0,0,7,0,0,0,0,0,0,0,0,7,0,0.0,0.0,0,0,6,0,5,0.0,0.0,0,0,7,0.0,0,6,0,5,0.0,14.0,3.08
12830,361064,2555,2,CS367,7,0,0,0,0.0,0,0.0,0,0,0,0,0,0,0,0,0,0,0,0,0,6,6,0,5,0,0,5,7,0,5,6,0,5,6,0,5,5,0,0,0,0,0,0,0,0,0,6,0,5,0,0,6,0,0,0,0,5,0,0,0,0,0,0,0,0,4,0,0,0,0,0,0,0,0,0,0,0,0,0,0,0,0,0,0,0,0,0,0,0,0,0,0,0,0,0.0,0.0,0,0,0,0,6,0,0,7,6,0,0,0,0,0,0,0,8,0,0,0,0,0,0,0,0,0,0.0,0,0.0,0,5,5,0,0,0,6,0,0,0,0.0,0,0,0,0.0,0,7,0,0,0,0.0,0,0,0,0,0,0.0,0.0,0,0.0,6,0,0,0,0,0,5,0,5,0,0,6,0.0,0.0,0.0,0,0.0,7,0,0,7,0,0,0,0,0,0,0,7,0,0,0.0,0.0,0,0,6,0,5,0.0,0.0,0,0,7,0.0,0,6,0,5,0.0,1.0,2.7
10056,351717,2555,2,CS367,8,0,0,0,0.0,0,0.0,0,0,0,0,0,0,0,0,0,0,0,0,0,6,6,0,5,0,0,5,8,0,6,6,0,6,7,0,6,6,0,0,0,0,0,0,0,0,0,0,0,5,0,0,6,0,0,0,0,6,0,0,0,0,0,0,0,0,5,0,0,0,0,0,0,0,0,0,0,0,0,0,0,0,0,0,0,0,0,0,0,0,0,0,0,0,0,0.0,0.0,0,0,0,5,5,0,0,6,0,0,6,0,0,0,0,0,0,0,0,0,0,0,0,0,0,0,0.0,0,0.0,0,3,6,0,0,0,6,0,0,0,0.0,0,0,0,0.0,0,0,0,0,0,0.0,0,0,0,0,0,0.0,0.0,0,0.0,6,0,0,0,0,7,0,7,0,0,0,6,0.0,0.0,0.0,7,0.0,0,0,0,0,0,0,0,0,0,0,0,0,0,0,0.0,0.0,0,0,6,0,5,0.0,0.0,0,0,8,0.0,7,6,0,6,0.0,96.0,3.44
12407,354673,2555,2,CS367,3,0,0,0,0.0,0,0.0,0,0,0,0,0,0,0,0,0,0,0,0,0,6,5,0,5,0,0,6,6,0,6,7,0,7,7,0,7,7,0,0,0,0,0,0,0,0,0,0,0,3,0,0,7,0,0,0,0,7,0,0,0,0,0,0,0,0,5,0,0,0,0,0,0,0,0,0,0,0,0,0,0,0,0,0,0,0,0,0,0,0,0,0,0,0,0,0.0,0.0,0,0,0,3,6,0,0,5,5,0,0,0,0,0,0,0,7,0,0,0,0,0,0,0,0,0,0.0,0,0.0,0,3,0,0,0,0,7,0,0,0,0.0,0,0,0,0.0,0,7,0,0,0,0.0,0,0,0,0,0,0.0,0.0,0,0.0,6,0,0,0,0,0,5,0,6,0,0,7,0.0,0.0,0.0,0,0.0,7,0,0,8,0,0,0,0,0,0,0,0,0,0,0.0,0.0,0,0,6,0,6,0.0,0.0,0,0,7,0.0,0,6,0,5,0.0,40.0,3.16
19118,383165,2556,2,CS367,6,0,0,0,0.0,0,0.0,0,0,0,0,0,0,0,0,0,0,0,0,0,7,8,0,6,0,0,8,7,0,5,6,0,6,6,0,5,6,0,0,0,0,0,0,0,0,0,6,0,5,0,0,6,0,0,0,0,7,0,0,0,0,0,0,0,0,5,0,0,0,0,0,0,0,0,0,0,0,0,0,0,0,0,0,0,0,0,0,0,0,0,0,0,0,0,0.0,0.0,0,0,0,5,7,0,0,5,6,0,0,0,0,0,0,0,7,0,0,0,0,0,0,0,0,0,0.0,0,0.0,0,8,8,0,0,0,6,0,0,0,0.0,0,0,0,0.0,0,0,0,0,0,0.0,0,0,0,0,0,0.0,0.0,0,0.0,8,0,0,0,0,0,3,0,7,0,0,5,0.0,0.0,0.0,0,0.0,0,0,0,0,0,0,0,0,0,0,0,0,0,0,0.0,0.0,0,0,7,0,6,0.0,0.0,0,0,7,0.0,0,5,0,6,0.0,1.0,2.82
18892,383159,2556,2,CS367,7,0,0,0,0.0,0,0.0,0,0,0,0,0,0,0,0,0,0,0,0,0,7,7,0,6,0,0,7,6,0,6,6,0,6,5,0,6,5,0,0,0,0,0,0,0,0,7,6,0,3,0,0,6,0,0,0,0,6,0,0,0,0,0,0,0,0,5,0,0,0,0,0,0,0,0,0,0,0,0,0,0,0,0,0,0,0,0,0,0,0,0,0,0,0,0,0.0,0.0,0,0,0,0,7,0,0,6,7,0,0,0,0,0,0,0,7,0,0,0,0,0,0,0,0,0,0.0,0,0.0,0,3,0,0,0,0,3,0,0,0,0.0,0,0,0,0.0,0,7,0,0,0,0.0,0,0,0,0,0,0.0,0.0,0,0.0,7,0,0,0,0,0,5,0,6,0,0,5,0.0,0.0,0.0,0,0.0,0,0,0,0,0,0,0,0,7,0,0,0,7,0,0.0,0.0,0,0,7,0,5,0.0,0.0,0,0,7,0.0,0,5,0,5,0.0,40.0,2.86
1720,329198,2555,2,CS367,8,0,0,0,0.0,0,0.0,0,8,0,0,0,0,0,0,0,0,0,0,0,6,6,0,6,0,0,6,7,0,7,7,0,6,6,0,7,7,0,0,0,0,0,0,0,0,7,8,7,5,8,0,6,7,0,8,0,7,0,0,6,7,0,0,0,0,7,0,0,0,0,8,0,0,0,0,0,0,0,7,0,0,0,0,0,0,0,8,0,0,0,0,0,0,0,0.0,0.0,0,0,0,7,6,0,0,8,8,0,0,0,0,0,0,0,6,0,0,0,0,0,0,0,0,0,0.0,0,0.0,0,5,5,0,0,0,6,0,0,0,0.0,0,0,0,0.0,0,0,0,0,0,0.0,0,0,0,0,0,0.0,0.0,0,0.0,6,0,0,0,0,0,6,0,6,0,0,6,0.0,0.0,0.0,5,0.0,0,0,0,0,0,0,0,0,0,0,0,0,0,0,0.0,0.0,0,0,6,0,5,0.0,0.0,0,0,5,0.0,0,5,0,6,0.0,11.0,3.61
23783,402948,2557,2,CS367,0,0,0,0,0.0,0,0.0,0,0,0,0,0,0,0,0,0,0,0,0,0,5,6,0,6,0,0,6,6,0,6,6,0,6,6,0,6,5,0,0,0,0,0,0,0,0,7,0,0,6,0,0,6,0,0,0,0,7,0,0,0,0,0,0,0,0,6,0,0,0,0,0,0,0,0,0,0,0,0,0,0,0,3,0,0,0,0,0,0,0,0,0,0,0,0,0.0,0.0,0,0,2,6,7,0,0,5,6,0,0,0,0,0,0,0,7,0,0,0,0,0,0,0,0,0,0.0,0,0.0,0,6,6,0,0,0,6,0,0,0,0.0,0,0,0,0.0,0,0,0,0,0,0.0,0,0,0,0,0,0.0,0.0,0,0.0,6,0,0,0,0,0,6,0,6,0,0,6,0.0,0.0,0.0,0,0.0,0,0,0,0,0,0,0,0,7,0,0,0,7,0,0.0,0.0,0,0,6,0,5,0.0,0.0,0,0,8,0.0,0,6,0,5,0.0,1.0,2.94
18943,383161,2556,2,CS367,7,0,0,0,0.0,0,0.0,0,0,0,0,0,0,0,0,0,7,0,0,0,6,6,0,6,0,0,6,6,0,6,7,0,7,7,0,7,6,0,0,0,0,0,0,0,0,7,0,0,7,0,0,6,0,0,0,0,6,0,0,0,0,0,0,0,0,6,0,0,0,0,0,0,0,0,0,0,0,0,0,0,0,0,0,0,0,0,0,0,0,0,0,0,0,0,0.0,0.0,0,0,0,7,6,0,0,7,8,0,0,0,0,0,0,0,7,0,0,0,0,0,0,0,0,0,0.0,0,0.0,0,6,8,0,0,0,7,0,0,0,0.0,0,0,0,0.0,0,0,0,0,0,0.0,0,0,0,0,0,0.0,0.0,0,0.0,8,0,0,0,0,0,7,0,7,0,0,7,0.0,0.0,0.0,0,0.0,0,7,0,0,0,0,0,0,0,0,0,0,7,0,0.0,0.0,0,0,7,0,5,0.0,0.0,0,0,7,0.0,0,5,0,6,0.0,1.0,3.3
11851,354659,2555,2,CS367,8,0,0,0,0.0,0,0.0,0,0,0,0,0,0,0,0,0,0,0,0,0,8,8,0,7,0,0,7,7,0,7,7,0,7,7,0,6,8,0,0,0,0,3,3,0,0,0,3,0,7,0,0,7,0,0,0,0,7,0,0,0,0,0,0,0,0,6,0,0,0,0,0,0,0,0,0,0,0,0,0,0,0,0,0,0,0,0,0,0,0,0,0,0,0,0,0.0,0.0,0,0,0,8,8,0,0,8,7,0,0,0,0,0,0,0,7,0,0,0,0,0,0,0,0,0,0.0,0,0.0,0,7,7,0,0,0,8,0,0,0,0.0,0,0,0,0.0,0,0,0,0,0,0.0,0,0,0,0,0,0.0,0.0,0,0.0,6,0,0,0,0,0,8,0,8,0,0,8,0.0,0.0,0.0,0,0.0,0,0,0,0,0,0,0,0,0,0,0,0,0,0,0.0,0.0,0,0,7,0,6,0.0,0.0,0,0,7,0.0,0,7,0,8,0.0,92.0,3.29
13101,361073,2555,2,CS367,7,0,0,0,0.0,0,0.0,0,0,0,0,0,0,0,0,0,0,0,0,0,7,6,0,6,0,0,6,8,0,6,7,0,7,7,0,6,7,0,0,0,0,0,0,0,0,0,7,0,7,0,0,6,0,0,0,0,7,0,0,0,0,0,0,0,0,5,0,0,0,0,0,0,0,0,0,0,0,0,0,0,0,0,0,0,0,0,0,0,0,0,0,0,0,0,0.0,0.0,0,0,2,7,6,0,0,6,6,0,0,0,0,0,0,0,7,0,0,0,0,0,0,0,0,0,0.0,0,0.0,0,6,3,0,0,0,7,0,0,0,0.0,0,0,0,0.0,0,0,0,0,0,0.0,0,0,0,0,0,0.0,0.0,0,0.0,6,0,0,0,0,0,7,0,7,0,0,8,0.0,0.0,0.0,0,0.0,0,0,0,0,0,0,0,0,0,0,0,0,0,0,0.0,0.0,0,0,7,0,6,0.0,0.0,0,0,7,0.0,0,7,0,7,0.0,64.0,3.75
13420,361080,2555,2,CS367,7,0,0,0,0.0,0,0.0,0,0,0,0,0,0,0,0,0,0,0,0,0,6,5,0,4,0,0,6,8,0,6,6,0,6,6,0,6,6,0,0,0,0,0,0,0,0,0,0,0,3,0,0,6,0,0,0,0,6,0,0,0,0,0,0,0,0,5,0,0,0,0,0,0,0,0,0,0,0,0,0,0,0,0,0,0,0,0,0,0,0,0,0,0,0,0,0.0,0.0,0,0,0,6,6,0,0,6,5,0,0,0,0,0,0,0,7,0,0,0,0,0,0,0,0,0,0.0,0,0.0,0,3,0,0,0,0,6,0,0,0,0.0,0,0,0,0.0,0,7,0,0,0,0.0,0,0,0,0,0,0.0,0.0,0,0.0,6,0,0,0,0,0,6,0,7,0,0,6,0.0,0.0,0.0,0,0.0,7,0,0,8,0,0,0,0,0,0,0,0,0,0,0.0,0.0,0,0,7,0,5,0.0,0.0,0,0,7,0.0,0,6,0,6,0.0,1.0,3.61
11424,352733,2555,2,CS367,7,0,0,0,0.0,0,0.0,0,0,0,0,0,0,0,0,0,0,0,0,0,7,6,0,5,0,0,6,8,0,6,6,0,6,6,0,6,6,0,0,0,0,3,6,0,0,0,0,0,5,0,0,6,0,0,0,0,7,0,0,0,0,0,0,0,0,5,0,0,0,0,0,0,0,0,0,0,0,0,0,0,0,0,0,0,0,0,0,0,0,0,0,0,0,0,0.0,0.0,0,0,2,7,6,0,0,6,6,0,0,0,0,0,0,0,8,0,0,0,0,0,0,0,0,0,0.0,0,0.0,0,3,6,0,0,0,6,0,0,0,0.0,0,0,0,0.0,0,0,0,0,0,0.0,0,0,0,0,0,0.0,0.0,0,0.0,6,0,0,0,0,0,6,0,7,0,0,5,0.0,0.0,0.0,0,0.0,8,0,0,0,0,0,0,0,0,0,0,0,0,0,0.0,0.0,0,0,6,0,5,0.0,0.0,0,0,8,0.0,0,6,0,5,0.0,67.0,3.56
4840,336735,2554,2,CS367,7,0,0,0,0.0,0,0.0,0,0,0,0,0,0,0,0,0,0,0,0,0,6,5,0,5,0,0,3,7,0,5,5,0,6,5,0,6,6,0,0,0,0,0,0,0,0,0,0,0,5,0,0,6,0,0,0,0,7,0,0,0,0,0,0,0,0,5,0,0,0,0,0,0,0,0,0,0,0,0,0,0,0,0,0,0,0,0,0,0,0,0,0,0,0,0,0.0,0.0,0,0,0,5,6,0,0,6,0,0,0,0,0,0,0,0,7,0,0,0,0,0,0,0,0,0,0.0,0,0.0,0,4,3,0,0,0,5,0,0,0,0.0,0,0,0,0.0,7,0,0,0,0,0.0,0,0,0,0,0,0.0,0.0,0,0.0,6,0,0,0,0,0,7,0,6,0,0,5,0.0,0.0,0.0,7,0.0,7,0,0,0,0,0,0,8,0,0,0,7,0,0,0.0,0.0,0,0,6,0,5,0.0,0.0,0,0,6,0.0,0,6,0,6,0.0,1.0,3.18
17780,383127,2556,2,CS367,6,0,0,0,0.0,0,0.0,0,0,0,0,0,0,0,0,0,0,7,0,0,5,6,0,5,0,0,5,7,0,5,6,0,4,5,0,5,5,0,0,0,0,0,0,0,0,0,0,0,3,0,0,5,0,0,0,0,6,0,0,0,0,0,0,0,0,3,0,0,0,0,0,0,0,0,0,0,0,0,0,0,0,0,0,0,0,0,0,0,0,0,0,0,0,0,0.0,0.0,0,0,0,6,6,0,0,7,7,0,0,0,0,0,0,0,7,0,0,0,0,0,0,0,0,0,0.0,0,0.0,0,3,0,0,0,0,3,0,0,0,0.0,0,0,0,0.0,0,0,0,0,0,0.0,0,0,0,0,0,0.0,0.0,0,0.0,8,0,0,0,0,0,3,0,6,0,0,3,0.0,0.0,0.0,0,0.0,0,7,0,0,0,0,0,0,7,0,0,0,7,0,0.0,0.0,0,0,7,0,6,0.0,0.0,0,0,7,0.0,0,5,0,4,0.0,30.0,3.49
9192,351695,2556,2,CS367,8,0,0,0,0.0,0,0.0,0,0,0,0,0,0,0,0,0,0,0,0,0,6,6,0,6,0,0,5,8,0,6,6,0,6,7,0,6,6,0,0,0,0,0,0,0,0,6,6,5,5,7,0,6,6,0,0,0,6,7,0,7,0,0,0,0,0,5,0,0,0,0,7,0,0,0,0,0,6,0,7,0,7,0,0,0,0,0,0,0,0,0,0,0,0,0,0.0,0.0,0,0,0,7,5,0,0,6,6,0,7,0,0,0,0,0,0,0,0,0,0,0,0,0,0,0,0.0,0,0.0,0,3,5,0,0,0,5,0,0,0,0.0,0,0,0,0.0,0,0,0,0,7,0.0,0,0,0,0,0,0.0,0.0,0,0.0,6,0,0,0,0,0,6,0,6,0,0,6,0.0,0.0,0.0,0,0.0,0,0,0,0,0,0,0,0,0,0,0,0,0,0,0.0,0.0,0,0,7,0,6,0.0,0.0,0,0,7,0.0,7,7,0,5,0.0,15.0,3.57
17544,380313,2556,2,CS367,6,0,0,0,0.0,0,0.0,0,0,0,0,0,0,0,0,0,0,0,0,0,6,6,0,6,0,0,6,7,0,6,6,0,6,6,0,6,6,0,0,0,0,0,0,0,0,8,0,0,3,0,0,5,0,0,0,0,6,0,0,0,0,0,0,0,0,5,0,0,0,0,0,0,0,0,0,0,0,0,0,0,0,0,0,0,0,0,0,0,0,0,0,0,0,0,0.0,0.0,0,0,0,5,6,0,0,6,7,0,0,0,0,0,0,0,7,0,0,0,0,0,0,0,0,0,0.0,0,0.0,0,3,0,0,0,0,5,0,0,0,0.0,0,0,0,0.0,0,0,0,0,0,0.0,0,0,0,0,0,0.0,0.0,0,0.0,8,0,0,0,0,0,6,0,7,0,0,6,0.0,0.0,0.0,0,0.0,0,7,0,0,0,0,0,0,7,0,0,0,0,0,0.0,0.0,0,0,7,0,5,0.0,0.0,0,0,7,0.0,0,5,0,5,0.0,70.0,3.33
8754,351685,2555,2,CS367,8,0,0,0,0.0,0,0.0,0,7,0,0,0,0,0,0,0,0,0,0,0,6,6,0,6,0,0,7,8,0,7,6,0,7,6,0,6,6,0,0,0,0,0,0,0,0,0,0,0,6,0,0,6,0,0,0,0,7,0,0,0,0,0,0,0,0,6,0,0,0,0,0,0,0,0,8,0,0,0,0,0,0,0,0,0,0,0,0,0,0,0,0,0,0,0,0.0,0.0,0,0,0,3,5,0,0,6,6,0,0,0,0,0,0,0,0,0,0,0,0,0,0,0,0,0,0.0,0,0.0,0,5,6,0,0,0,6,0,0,0,0.0,0,0,0,0.0,0,0,0,0,7,0.0,0,0,0,0,0,0.0,0.0,0,0.0,6,0,0,0,0,0,6,0,7,0,0,6,0.0,0.0,0.0,0,0.0,0,0,0,0,0,0,0,0,0,0,0,0,0,0,0.0,0.0,0,0,7,0,6,0.0,0.0,0,0,7,0.0,0,6,0,6,0.0,1.0,3.54
13151,361075,2555,2,CS367,7,0,0,0,0.0,0,0.0,0,0,0,0,0,0,0,0,0,0,0,0,0,7,7,0,6,0,0,6,7,0,6,6,0,5,7,0,6,7,0,0,0,0,0,0,0,0,0,0,0,6,0,0,6,0,0,0,0,7,0,0,0,0,0,0,0,0,6,0,0,0,0,0,0,0,0,0,0,0,0,0,0,0,0,0,0,0,0,0,0,0,0,0,0,0,0,0.0,0.0,0,0,2,7,6,0,0,6,5,0,0,0,0,0,0,0,7,0,0,0,0,0,0,0,0,0,0.0,0,0.0,0,3,7,0,0,0,5,0,0,0,0.0,0,0,0,0.0,0,0,0,0,0,0.0,0,0,0,0,0,0.0,0.0,0,0.0,6,0,0,0,0,0,7,0,7,0,0,7,0.0,0.0,0.0,7,0.0,0,0,0,0,0,0,0,0,0,0,0,0,0,0,0.0,0.0,0,0,6,0,6,0.0,0.0,0,0,7,0.0,0,6,0,6,0.0,31.0,3.44
18584,383152,2556,2,CS367,7,0,0,0,0.0,0,0.0,0,0,0,0,0,0,0,0,0,0,0,0,0,6,6,0,6,0,0,5,7,0,6,6,0,5,6,0,6,5,0,0,0,0,0,0,0,0,7,0,0,3,0,0,5,0,0,0,0,6,0,0,0,0,0,0,0,0,5,0,0,0,0,0,0,0,0,0,0,0,0,0,0,0,0,0,0,0,0,0,0,0,0,0,0,0,0,0.0,0.0,0,0,0,3,6,0,0,6,6,0,0,0,0,0,0,0,7,0,0,0,0,0,0,0,0,0,0.0,0,0.0,0,3,7,0,0,0,5,0,0,0,0.0,0,0,0,0.0,0,0,0,0,0,0.0,0,0,0,0,0,0.0,0.0,0,0.0,7,0,0,0,0,0,4,0,6,0,0,0,0.0,0.0,0.0,0,0.0,0,7,0,0,0,0,0,0,0,0,0,0,8,0,0.0,0.0,0,0,6,0,5,0.0,0.0,0,0,7,0.0,0,6,0,5,0.0,32.0,2.86
11900,354660,2555,2,CS367,8,0,0,0,0.0,0,0.0,0,0,0,0,0,0,0,0,0,0,0,0,0,6,7,0,8,0,0,6,6,0,6,6,0,7,6,0,6,7,0,0,0,0,0,0,0,0,0,3,0,3,0,0,7,0,0,0,0,7,0,0,0,0,0,0,0,0,4,0,0,0,0,0,0,0,0,0,0,0,0,0,0,0,0,0,0,0,0,0,0,0,0,0,0,0,0,0.0,0.0,0,0,0,7,7,0,0,7,7,0,0,0,0,0,0,0,7,0,0,0,0,0,0,0,0,0,0.0,0,0.0,0,6,5,0,0,0,3,0,0,0,0.0,0,0,0,0.0,0,0,0,0,0,0.0,0,0,0,0,0,0.0,0.0,0,0.0,6,0,0,0,0,0,6,0,6,0,0,5,0.0,0.0,0.0,0,0.0,0,0,0,0,0,0,0,0,0,0,0,0,0,0,0.0,0.0,0,0,7,0,6,0.0,0.0,0,0,8,0.0,0,6,0,5,0.0,13.0,3.74
17596,381730,2556,2,CS367,7,0,0,0,0.0,0,0.0,0,0,0,0,0,0,0,0,0,0,0,0,0,5,5,0,5,0,0,4,6,0,5,6,0,6,6,0,5,6,0,0,0,0,0,0,0,0,0,0,0,6,0,0,5,0,0,0,0,6,0,0,0,0,0,0,0,0,5,0,0,0,0,0,0,0,0,0,0,0,0,0,0,0,0,0,0,0,0,0,0,0,0,0,0,0,0,0.0,0.0,0,0,2,7,6,0,0,6,7,0,0,0,0,0,0,0,7,0,0,0,0,0,0,0,0,0,0.0,0,0.0,0,3,0,0,0,0,3,0,0,0,0.0,0,0,0,0.0,0,0,0,0,0,0.0,0,0,0,0,0,0.0,0.0,0,0.0,8,0,0,0,0,0,5,0,5,0,0,5,0.0,0.0,0.0,0,0.0,0,0,0,0,0,0,0,0,7,0,0,0,7,0,0.0,0.0,0,0,7,0,5,0.0,0.0,0,0,7,0.0,0,5,0,5,0.0,12.0,3.31
11227,352729,2555,2,CS367,7,0,0,0,0.0,0,0.0,0,0,0,0,0,0,0,0,0,0,8,0,0,6,5,0,5,0,0,5,7,0,6,5,0,6,6,0,6,5,0,0,0,0,0,0,0,0,0,0,0,5,0,0,6,0,0,0,0,6,0,0,0,0,0,0,0,0,5,0,0,0,0,0,0,0,0,7,0,0,0,0,0,0,0,0,0,0,0,0,0,0,0,0,0,0,0,0.0,0.0,0,0,0,5,5,0,0,6,6,0,0,0,0,0,0,0,7,0,0,0,0,0,0,0,0,0,0.0,0,0.0,0,5,3,0,0,0,5,0,0,0,0.0,0,0,0,0.0,0,7,0,0,0,0.0,0,0,0,0,0,0.0,0.0,0,0.0,6,0,0,0,0,0,5,0,6,0,0,6,0.0,0.0,0.0,7,0.0,8,0,0,0,0,0,0,0,0,0,0,7,0,0,0.0,0.0,0,0,6,0,5,0.0,0.0,0,0,7,0.0,0,6,0,5,0.0,95.0,3.45
18045,383134,2556,2,CS367,7,0,0,0,0.0,0,0.0,0,0,0,0,0,0,0,0,0,0,0,0,0,6,5,0,6,0,0,5,8,0,5,6,0,6,6,0,6,6,0,0,0,0,0,0,0,0,7,0,0,6,0,0,5,0,0,0,0,6,0,0,0,0,0,0,0,0,5,0,0,0,0,0,0,0,0,0,0,0,0,0,0,0,0,0,0,0,0,0,0,0,0,0,0,0,0,0.0,0.0,0,0,0,5,7,0,0,6,8,0,0,0,0,0,0,0,7,0,0,0,0,0,0,0,0,0,0.0,0,0.0,0,3,6,0,0,0,5,0,0,0,0.0,0,0,0,0.0,0,8,0,0,0,0.0,0,0,0,0,0,0.0,0.0,0,0.0,8,0,0,0,0,0,6,0,7,0,0,7,0.0,0.0,0.0,0,0.0,0,7,0,0,0,0,0,0,0,0,0,0,0,0,0.0,0.0,0,0,6,0,5,0.0,0.0,0,0,7,0.0,0,5,0,5,0.0,53.0,3.45
7585,351661,2555,2,CS367,7,0,0,0,0.0,0,0.0,0,8,0,0,0,0,0,0,0,0,0,0,0,7,8,0,8,0,0,8,7,0,8,8,0,8,7,0,6,6,0,0,0,0,0,0,0,0,0,0,0,8,0,0,7,0,0,0,0,7,0,0,0,0,0,0,0,0,7,0,0,0,0,0,0,0,0,8,0,0,0,0,0,0,0,0,0,0,0,0,0,0,0,0,0,0,0,0.0,0.0,0,0,0,5,5,0,0,5,6,0,0,0,0,0,0,0,0,0,0,0,0,0,0,0,0,0,0.0,0,0.0,0,5,3,0,0,0,6,0,0,0,0.0,0,0,0,0.0,0,0,0,0,7,0.0,0,0,0,0,0,0.0,0.0,0,0.0,6,0,0,0,0,0,6,0,6,0,0,8,0.0,0.0,0.0,0,0.0,0,0,0,0,0,0,0,0,0,0,0,0,0,0,0.0,0.0,0,0,7,0,7,0.0,0.0,0,0,7,0.0,0,6,0,7,0.0,1.0,3.18
13668,361095,2555,2,CS367,6,0,0,0,0.0,0,0.0,0,0,0,0,0,0,0,0,0,0,0,0,0,6,6,0,5,0,0,6,6,0,5,6,0,5,5,0,6,6,0,0,0,0,0,0,0,0,0,0,0,5,0,0,6,0,0,0,0,6,0,0,0,0,0,0,0,0,5,0,0,0,0,0,0,0,0,0,0,0,0,0,0,0,0,0,0,0,0,0,0,0,0,0,0,0,0,0.0,0.0,0,0,0,5,5,0,0,5,5,0,0,0,0,0,0,0,7,0,0,0,0,0,0,0,0,0,0.0,0,0.0,0,3,5,0,0,0,5,0,0,0,0.0,0,0,0,0.0,0,0,0,0,0,0.0,0,0,0,0,0,0.0,0.0,0,0.0,6,0,0,0,0,0,6,0,6,0,0,6,0.0,0.0,0.0,0,0.0,7,0,0,7,0,0,0,0,0,0,0,0,0,0,0.0,0.0,0,0,6,0,6,0.0,0.0,0,0,7,0.0,0,7,0,5,0.0,84.0,2.43
5936,336764,2555,2,CS367,8,0,0,0,0.0,0,0.0,0,0,0,0,0,0,0,0,0,0,0,0,0,5,5,0,3,0,0,5,7,0,5,6,0,6,6,0,6,7,0,0,0,0,0,0,0,0,7,0,0,5,7,0,6,0,0,0,0,7,0,0,6,0,0,0,0,0,5,0,0,0,0,8,0,0,0,0,0,0,0,0,0,0,0,0,0,0,0,0,0,0,0,0,0,0,0,0.0,0.0,0,0,0,6,6,0,0,6,3,0,0,0,0,0,0,0,8,0,0,0,0,0,0,0,0,0,0.0,0,0.0,0,3,6,0,0,0,6,0,0,0,0.0,0,0,0,0.0,0,0,0,0,0,0.0,0,0,0,0,0,0.0,0.0,0,0.0,6,0,0,0,0,4,0,5,0,0,0,7,0.0,0.0,0.0,0,0.0,6,0,0,7,0,0,0,7,7,0,0,7,0,0,0.0,0.0,0,0,7,0,5,0.0,0.0,0,0,6,0.0,0,6,0,6,0.0,80.0,2.83
23946,402952,2557,2,CS367,0,0,0,0,0.0,0,0.0,0,0,0,0,0,0,0,0,0,7,0,7,0,6,5,0,6,0,0,6,7,0,6,6,0,5,6,0,6,5,0,0,0,0,0,0,0,0,8,0,0,5,0,0,6,0,0,0,0,6,0,0,0,0,0,0,0,0,5,0,0,0,0,0,0,0,0,0,0,0,0,0,0,0,0,0,0,0,0,0,0,0,0,0,0,0,0,0.0,0.0,0,0,0,7,6,0,0,6,7,0,0,0,0,0,0,0,8,0,0,0,0,0,0,0,0,0,0.0,0,0.0,0,3,0,0,0,0,3,0,0,0,0.0,0,0,0,0.0,0,0,0,0,0,0.0,0,0,0,0,0,0.0,0.0,0,0.0,7,0,0,0,0,0,5,0,6,0,0,6,0.0,0.0,0.0,0,0.0,0,0,0,0,0,0,0,0,0,0,0,0,0,0,0.0,0.0,0,0,7,0,5,0.0,0.0,0,0,8,0.0,0,5,0,6,0.0,1.0,3.0
7537,351660,2555,2,CS367,8,0,0,0,0.0,0,0.0,0,0,0,0,0,8,0,0,0,0,0,0,0,8,8,0,8,0,0,8,8,0,8,8,0,8,7,0,7,8,0,0,0,0,0,0,0,0,0,0,0,8,0,0,8,0,0,0,0,8,0,0,0,0,0,0,0,0,8,0,0,0,0,0,0,0,0,0,0,0,0,0,0,0,0,0,0,0,0,0,0,0,0,0,0,0,0,0.0,0.0,0,0,0,7,7,0,0,7,8,0,0,0,0,0,0,0,0,0,0,0,0,0,0,0,0,0,0.0,0,0.0,0,6,8,0,0,0,8,0,0,0,0.0,0,0,0,0.0,0,0,0,0,0,0.0,0,0,0,0,0,0.0,0.0,0,0.0,6,0,0,0,0,0,8,0,8,0,0,8,0.0,0.0,0.0,0,0.0,0,0,0,0,0,0,0,0,0,0,0,0,0,0,0.0,0.0,0,0,7,0,7,0.0,0.0,0,0,7,0.0,0,7,0,8,0.0,66.0,3.36
3639,336708,2554,2,CS367,7,0,0,0,0.0,0,0.0,0,0,0,0,0,0,0,0,0,0,0,0,0,6,6,0,5,0,0,3,8,0,5,5,0,6,5,0,0,6,0,0,0,0,0,0,0,0,0,0,0,4,0,0,5,0,0,0,0,6,0,0,0,0,0,0,0,0,5,0,0,0,0,0,0,0,0,0,0,0,0,0,0,0,0,0,0,0,0,0,0,0,0,0,0,0,0,0.0,0.0,0,0,0,5,5,0,0,6,0,0,0,0,0,0,0,0,0,0,0,0,0,0,0,0,0,0,0.0,0,0.0,0,3,3,0,0,0,6,0,0,0,0.0,0,0,0,0.0,8,0,0,0,0,0.0,0,0,0,0,0,0.0,0.0,0,0.0,6,0,0,0,0,0,6,0,6,0,0,5,0.0,0.0,0.0,0,0.0,7,0,0,0,0,0,0,8,0,0,0,8,0,0,0.0,0.0,0,0,5,0,4,0.0,0.0,0,0,8,0.0,0,7,0,5,0.0,1.0,3.25
312,324840,2555,2,CS367,7,0,0,0,0.0,0,0.0,7,8,0,0,0,0,0,0,0,0,0,0,0,5,5,0,3,0,0,3,7,0,6,3,0,4,6,0,6,7,0,0,0,0,0,0,0,0,8,7,5,5,3,0,5,0,0,6,0,7,0,0,7,0,0,0,0,0,0,0,0,0,0,0,0,0,0,0,0,0,0,0,0,0,0,0,0,0,0,0,0,0,0,0,0,0,0,0.0,0.0,0,0,0,5,5,0,0,7,6,0,0,0,0,0,0,0,6,0,0,0,0,0,0,0,0,0,0.0,0,0.0,0,3,5,0,0,0,7,0,0,0,0.0,0,0,0,0.0,7,0,0,0,0,0.0,0,0,0,0,0,0.0,0.0,0,0.0,5,0,0,0,0,0,3,0,3,0,0,3,0.0,0.0,0.0,0,0.0,0,0,0,0,0,0,0,0,0,0,0,0,0,0,0.0,0.0,0,0,5,0,8,0.0,0.0,0,0,6,0.0,0,6,0,5,0.0,32.0,2.37
7490,351659,2555,2,CS367,7,0,0,0,0.0,0,0.0,0,7,0,0,0,0,0,0,0,0,0,0,0,7,7,0,7,0,0,8,8,0,8,7,0,7,7,0,7,8,0,0,0,0,0,8,0,0,0,0,0,8,0,0,7,0,0,0,0,8,0,0,0,0,0,0,0,0,8,0,0,0,0,0,0,0,0,0,0,0,0,0,0,0,0,0,0,0,0,0,0,0,0,0,0,0,0,0.0,0.0,0,0,0,7,6,0,0,7,8,0,0,0,0,0,0,0,0,0,0,0,0,0,0,0,0,0,0.0,0,0.0,0,6,7,0,0,0,6,0,0,0,0.0,0,0,0,0.0,0,0,0,0,0,0.0,0,0,0,0,0,0.0,0.0,0,0.0,6,0,0,0,0,7,0,8,0,0,0,7,0.0,0.0,0.0,0,0.0,0,0,0,0,0,0,0,0,7,0,0,0,0,0,0.0,0.0,0,0,8,0,8,0.0,0.0,0,0,8,0.0,8,7,0,8,0.0,20.0,3.8
17440,380310,2556,2,CS367,7,0,0,0,0.0,0,0.0,0,0,0,0,0,0,0,0,0,0,0,0,0,7,7,0,7,0,0,8,8,0,7,7,0,7,7,0,6,6,0,0,0,0,0,0,0,0,7,0,0,7,0,0,7,0,0,0,0,7,0,0,0,0,0,0,0,0,6,0,0,0,0,0,0,0,0,0,0,0,0,0,0,0,0,0,0,0,0,0,0,0,0,0,0,0,0,0.0,0.0,0,0,0,6,6,0,0,7,8,0,0,0,0,0,0,0,7,0,0,0,0,0,0,0,0,0,0.0,0,0.0,0,5,6,0,0,0,6,0,0,0,0.0,0,0,0,0.0,0,0,0,0,0,0.0,0,0,0,0,0,0.0,0.0,0,0.0,8,0,0,0,0,0,7,0,7,0,0,7,0.0,0.0,0.0,0,0.0,0,0,0,0,0,0,0,0,0,0,0,0,7,0,0.0,0.0,0,0,7,0,6,0.0,0.0,0,0,7,0.0,0,6,0,6,0.0,13.0,3.33
5519,336752,2555,2,CS367,6,0,0,0,0.0,6,0.0,0,7,0,0,0,0,0,0,0,0,0,0,0,5,5,0,4,0,0,5,6,0,4,6,0,6,5,0,5,5,0,0,0,0,0,0,0,0,7,6,3,5,7,0,6,0,0,0,0,6,0,0,5,0,0,0,0,0,0,0,0,0,0,7,0,0,0,0,0,0,0,0,0,0,0,0,0,0,0,0,0,0,0,0,0,0,0,0.0,0.0,0,0,0,7,6,0,0,6,6,0,0,0,0,0,0,0,0,0,0,0,0,0,0,0,0,0,0.0,0,0.0,0,3,0,0,0,0,5,0,0,0,0.0,0,0,0,0.0,0,8,0,0,0,0.0,0,0,0,0,0,0.0,0.0,0,0.0,6,0,0,0,0,0,7,0,5,0,0,3,0.0,0.0,0.0,0,0.0,7,0,0,7,0,0,0,8,7,0,0,0,8,0,0.0,0.0,0,0,6,0,6,0.0,0.0,0,0,6,0.0,0,6,0,5,0.0,11.0,3.15
12584,354680,2555,2,CS367,7,0,0,0,0.0,0,0.0,0,0,0,0,0,0,0,0,0,0,0,0,0,6,6,0,6,0,0,6,8,0,5,6,0,5,6,0,6,6,0,0,0,0,0,0,0,0,0,0,0,6,0,0,6,0,0,0,0,6,0,0,0,0,0,0,0,0,5,0,0,0,0,0,0,0,0,0,0,0,0,0,0,0,0,0,0,0,0,0,0,0,0,0,0,0,0,0.0,0.0,0,0,0,5,6,0,0,6,6,0,0,0,0,0,0,0,8,0,0,0,0,0,0,0,0,0,0.0,0,0.0,0,6,6,0,0,0,6,0,0,0,0.0,0,0,0,0.0,0,7,0,0,0,0.0,0,0,0,0,0,0.0,0.0,0,0.0,6,0,0,0,0,0,5,0,5,0,0,6,0.0,0.0,0.0,0,0.0,7,0,0,7,0,0,0,0,7,0,0,8,0,0,0.0,0.0,0,0,6,0,5,0.0,0.0,0,0,7,0.0,0,6,0,5,0.0,40.0,3.43
11691,354654,2555,2,CS367,7,0,0,0,0.0,0,0.0,0,0,0,0,0,0,0,0,0,0,0,0,0,6,5,0,5,0,0,6,8,0,6,6,0,6,6,0,6,5,0,0,0,0,0,0,0,0,0,0,0,5,0,0,6,0,0,0,0,7,0,0,0,0,0,0,0,0,5,0,0,0,0,0,0,0,0,6,0,0,0,0,0,0,0,0,0,0,0,0,0,0,0,0,0,0,0,0.0,0.0,0,0,0,5,5,0,0,7,6,0,0,0,0,0,0,0,8,0,0,0,0,0,0,0,0,0,0.0,0,0.0,0,7,5,0,0,0,5,0,0,0,0.0,0,0,0,0.0,0,7,0,0,0,0.0,0,0,0,0,0,0.0,0.0,0,0.0,6,0,0,0,0,0,6,0,5,0,0,7,0.0,0.0,0.0,7,0.0,7,0,0,0,0,0,0,0,0,0,0,8,0,0,0.0,0.0,0,0,6,0,6,0.0,0.0,0,0,7,0.0,0,6,0,4,0.0,1.0,3.29
6977,344129,2555,2,CS367,7,0,0,0,0.0,0,0.0,7,7,0,0,0,0,0,0,0,0,0,0,0,8,8,0,8,0,0,7,7,0,8,8,0,7,7,0,6,7,0,0,0,0,0,0,0,0,0,0,0,8,0,0,7,0,0,0,0,7,0,0,0,0,0,0,0,0,6,0,0,0,0,0,0,0,0,0,0,0,0,0,0,0,0,0,0,0,0,0,0,0,0,0,0,0,0,0.0,0.0,0,0,0,0,7,0,0,8,8,0,0,0,0,0,0,0,6,0,0,0,0,0,0,0,0,0,0.0,0,0.0,0,6,8,0,0,0,7,0,0,0,0.0,0,0,0,0.0,0,0,0,0,0,0.0,0,0,0,0,0,0.0,0.0,0,0.0,6,0,0,0,0,0,7,0,8,0,0,6,0.0,0.0,0.0,0,0.0,0,0,0,0,0,0,0,0,0,0,0,0,0,0,0.0,0.0,0,0,7,0,7,0.0,0.0,0,0,7,0.0,0,6,0,7,0.0,30.0,3.85
6584,336781,2554,2,CS367,8,0,0,0,0.0,0,0.0,0,0,0,0,0,0,0,0,0,0,0,0,0,6,7,0,6,0,0,7,4,0,6,6,0,6,6,0,6,6,0,0,0,0,0,0,0,0,0,0,0,6,0,0,6,0,0,0,0,8,0,0,0,0,0,0,0,0,6,0,0,0,0,0,0,0,0,0,0,0,0,0,0,0,0,0,0,0,0,0,0,0,0,0,0,0,0,0.0,0.0,0,0,2,5,5,0,0,6,7,0,0,0,0,0,0,0,7,0,0,0,0,0,0,0,0,0,0.0,0,0.0,0,5,6,0,0,0,6,0,0,0,0.0,0,0,0,0.0,0,0,0,0,0,0.0,0,0,0,0,0,0.0,0.0,0,0.0,5,0,0,0,0,0,7,0,5,0,0,7,0.0,0.0,0.0,6,0.0,0,0,0,0,0,0,0,0,0,0,0,7,0,0,0.0,0.0,0,0,6,0,5,0.0,0.0,0,0,5,0.0,0,6,0,7,0.0,1.0,2.91
7215,344708,2555,2,CS367,7,0,0,0,0.0,0,0.0,0,0,0,0,0,7,0,0,0,0,0,0,0,6,7,0,7,0,0,6,8,0,7,7,0,7,7,0,6,8,0,0,0,0,0,0,0,0,0,0,0,6,0,0,7,0,0,0,0,7,0,0,0,0,0,0,0,0,6,0,0,0,0,0,0,0,0,0,0,0,0,0,0,0,0,0,0,0,0,0,0,0,0,0,0,0,0,0.0,0.0,0,0,0,0,5,0,0,7,8,0,0,0,0,0,0,0,0,0,0,0,0,0,7,0,0,0,0.0,0,0.0,0,3,7,0,0,0,5,0,0,0,0.0,0,0,0,0.0,0,0,0,0,0,0.0,0,0,0,0,0,0.0,0.0,0,0.0,6,0,0,0,0,0,6,0,6,0,0,6,0.0,0.0,0.0,0,0.0,0,0,0,0,0,0,0,0,0,0,0,0,0,0,0.0,0.0,0,0,7,0,3,0.0,0.0,0,0,6,0.0,0,6,0,5,0.0,1.0,3.13
4780,336734,2554,2,CS367,6,0,0,0,0.0,0,0.0,0,0,0,0,0,0,0,0,0,0,0,0,0,6,5,0,5,0,0,5,6,0,6,6,0,6,5,0,5,5,0,0,0,0,0,0,0,0,0,0,0,4,0,0,6,0,0,0,0,8,0,0,0,0,0,0,0,0,5,0,0,0,0,0,0,0,0,0,0,0,0,0,0,0,0,0,0,0,0,0,0,0,0,0,0,0,0,0.0,0.0,0,0,2,5,5,0,0,5,5,0,0,0,0,0,0,0,7,0,0,0,0,0,0,0,0,0,0.0,0,0.0,0,6,0,0,0,0,6,0,0,0,0.0,0,0,0,0.0,7,0,0,0,0,0.0,0,0,0,0,0,0.0,0.0,0,0.0,6,0,0,0,0,0,7,0,5,0,0,3,0.0,0.0,0.0,7,0.0,7,7,0,0,0,0,0,7,0,0,0,7,0,0,0.0,0.0,0,0,5,0,3,0.0,0.0,0,0,6,0.0,0,6,0,6,0.0,13.0,3.25
2838,329226,2555,2,CS367,8,0,0,0,0.0,0,0.0,0,0,0,0,0,0,0,0,0,0,0,0,0,7,7,0,6,0,0,7,7,0,7,6,0,7,6,0,7,7,0,0,0,0,0,0,0,0,7,7,6,5,7,0,6,7,0,7,0,7,0,0,6,7,0,0,0,0,5,0,0,0,0,8,0,0,0,0,0,0,0,6,0,8,0,0,0,0,0,8,0,0,0,0,0,0,0,0.0,0.0,0,0,0,5,6,0,0,7,6,0,0,0,0,0,0,0,6,0,0,0,0,0,0,0,0,0,0.0,0,0.0,0,5,3,0,0,0,5,0,0,0,0.0,0,0,0,0.0,0,0,0,0,7,0.0,0,0,0,0,0,0.0,0.0,0,0.0,7,0,0,0,0,0,6,0,7,0,0,5,0.0,0.0,0.0,0,0.0,0,0,0,0,0,0,0,0,0,0,0,0,0,0,0.0,0.0,0,0,7,0,5,0.0,0.0,0,0,6,0.0,0,7,0,6,0.0,32.0,3.43
17389,380309,2556,2,CS367,6,0,0,0,0.0,0,0.0,0,0,0,0,0,0,0,0,0,0,7,0,0,5,5,0,6,0,0,5,8,0,5,6,0,5,6,0,6,5,0,0,0,0,0,0,0,0,7,0,0,6,0,0,5,0,0,0,0,5,0,0,0,0,0,0,0,0,5,0,0,0,0,0,0,0,0,0,0,0,0,0,0,0,0,0,0,0,0,0,0,0,0,0,0,0,0,0.0,0.0,0,0,2,6,6,0,0,7,7,0,0,0,0,0,0,0,7,0,0,0,0,0,0,0,0,0,0.0,0,0.0,0,3,0,0,0,0,3,0,0,0,0.0,0,0,0,0.0,0,8,0,0,0,0.0,0,0,0,0,0,0.0,0.0,0,0.0,8,0,0,0,0,0,7,0,6,0,0,0,0.0,0.0,0.0,0,0.0,0,0,0,0,0,0,0,0,7,0,0,0,8,0,0.0,0.0,0,0,6,0,5,0.0,0.0,0,0,8,0.0,0,5,0,3,0.0,1.0,2.64
11165,352728,2555,2,CS367,7,0,0,0,0.0,0,0.0,0,0,0,0,0,0,0,0,0,0,7,0,0,6,5,0,4,0,0,5,7,0,3,3,0,6,6,0,6,6,0,0,0,0,0,0,0,0,0,3,0,5,0,0,0,0,0,0,0,6,0,0,0,0,0,0,0,0,0,0,0,0,0,0,0,0,0,0,0,0,0,0,0,0,0,0,0,0,0,0,0,0,0,0,0,0,0,0.0,0.0,0,0,2,5,5,0,0,6,5,0,0,0,0,0,0,0,7,0,0,0,0,0,0,0,0,0,0.0,0,0.0,0,3,0,0,0,0,0,0,0,0,0.0,0,0,0,0.0,0,7,0,0,0,0.0,0,0,0,0,0,0.0,0.0,0,0.0,6,0,0,0,0,0,6,0,6,0,0,6,0.0,0.0,0.0,0,0.0,7,0,0,8,0,0,0,0,0,0,0,0,0,0,0.0,0.0,0,0,6,0,5,0.0,0.0,0,0,7,0.0,0,6,0,4,0.0,13.0,2.85
53,316644,2555,2,CS367,8,0,0,0,0.0,0,0.0,7,8,0,0,0,0,0,0,0,0,0,0,0,6,6,0,5,0,0,6,7,0,7,7,0,6,7,0,7,7,0,0,0,0,0,0,0,0,8,7,7,7,8,0,6,7,0,8,0,7,8,0,6,0,0,0,0,0,6,0,0,0,0,8,0,0,0,0,0,7,0,7,0,8,0,7,0,0,0,0,0,0,0,0,0,0,0,0.0,0.0,0,0,0,5,4,0,0,7,0,0,8,0,0,0,0,0,0,0,0,0,0,0,0,0,0,0,0.0,0,0.0,8,4,5,0,0,0,6,0,0,0,0.0,0,0,0,0.0,0,0,0,0,0,0.0,0,0,0,0,0,0.0,0.0,0,0.0,7,0,0,0,0,0,4,0,6,0,0,6,0.0,0.0,0.0,5,0.0,0,0,0,0,0,0,0,0,0,0,0,0,0,0,0.0,0.0,0,0,6,0,6,0.0,0.0,0,0,5,0.0,7,7,0,5,0.0,12.0,3.32
6044,336766,2554,2,CS367,6,0,0,0,0.0,0,0.0,0,0,0,0,0,0,0,0,0,0,0,0,0,5,5,0,5,0,0,3,0,0,5,5,0,6,5,0,0,5,0,0,0,0,0,0,0,0,0,0,0,4,0,0,6,0,0,0,0,6,0,0,0,0,0,0,0,0,0,0,0,0,0,0,0,0,0,0,0,0,0,0,0,0,0,0,0,0,0,0,0,0,0,0,0,0,0,0.0,0.0,0,0,0,5,5,0,0,5,0,0,0,0,0,0,0,0,7,0,0,0,0,0,0,0,0,0,0.0,0,0.0,0,3,3,0,0,0,5,0,0,0,0.0,0,0,0,0.0,7,0,0,0,0,0.0,0,0,0,0,0,0.0,0.0,0,0.0,6,0,0,0,0,0,7,0,6,0,0,4,0.0,0.0,0.0,7,0.0,6,0,0,0,0,0,0,7,7,0,0,7,0,0,0.0,0.0,0,0,5,0,4,0.0,0.0,0,0,7,0.0,0,6,0,6,0.0,1.0,2.71
5876,336763,2554,2,CS367,8,0,0,0,0.0,0,0.0,0,0,0,0,0,0,0,0,0,0,0,0,0,6,7,0,6,0,0,7,8,0,8,7,0,6,6,0,7,7,0,0,0,0,0,0,0,0,0,0,0,5,0,0,6,0,0,0,0,8,0,0,0,0,0,0,0,0,6,0,0,0,0,0,0,0,0,0,0,0,0,0,0,0,0,0,0,0,0,0,0,0,0,0,0,0,0,0.0,0.0,0,0,0,0,7,0,0,8,8,0,0,0,0,0,0,0,7,0,0,0,0,0,0,0,0,0,0.0,0,0.0,0,5,7,0,0,0,7,0,0,0,0.0,0,0,0,0.0,0,0,0,0,0,0.0,0,0,0,0,0,0.0,0.0,0,0.0,6,0,0,0,0,5,0,6,0,0,0,6,0.0,0.0,0.0,0,0.0,0,0,0,0,0,0,0,7,0,0,0,0,0,0,0.0,0.0,0,0,6,0,6,0.0,0.0,0,0,7,0.0,0,7,0,7,0.0,19.0,3.43
5107,336742,2554,2,CS367,6,0,0,0,0.0,0,0.0,0,0,0,0,0,0,0,0,0,0,0,0,0,6,6,0,5,0,0,6,6,0,5,5,0,6,5,0,6,7,0,0,0,0,0,0,0,0,0,0,0,5,0,0,6,0,0,0,0,7,0,0,0,0,0,0,0,0,5,0,0,0,0,0,0,0,0,0,0,0,0,0,0,0,0,0,0,0,0,0,0,0,0,0,0,0,0,0.0,0.0,0,0,2,5,6,0,0,6,6,0,0,0,0,0,0,0,7,0,0,0,0,0,0,0,0,0,0.0,0,0.0,0,3,5,0,0,0,5,0,0,0,0.0,0,0,0,0.0,7,0,0,0,0,0.0,0,0,0,0,0,0.0,0.0,0,0.0,6,0,0,0,0,0,7,0,5,0,0,5,0.0,0.0,0.0,0,0.0,6,0,0,7,0,0,0,0,7,0,0,7,0,0,0.0,0.0,0,0,5,0,4,0.0,0.0,0,0,5,0.0,0,6,0,5,0.0,1.0,2.6
12776,361063,2556,2,CS367,6,0,0,0,0.0,0,0.0,0,0,0,0,0,0,0,0,0,0,0,0,0,5,6,0,6,0,0,5,7,0,5,6,0,6,6,0,6,7,0,0,0,0,0,5,0,0,6,5,5,5,6,0,5,0,0,0,0,4,0,0,6,5,0,0,0,0,5,0,0,0,0,7,0,0,0,0,0,0,0,0,0,0,0,0,0,0,0,0,0,0,0,0,0,0,0,0.0,0.0,0,0,2,6,5,0,0,6,0,0,0,0,0,0,0,0,7,0,0,0,0,0,0,0,0,0,0.0,0,0.0,0,3,5,0,0,0,4,0,0,0,0.0,0,0,0,0.0,0,0,0,0,0,0.0,0,0,0,0,0,0.0,0.0,0,0.0,6,0,0,0,0,0,6,0,6,0,0,6,0.0,0.0,0.0,7,0.0,0,0,0,0,0,0,0,0,0,0,0,0,0,0,0.0,0.0,0,0,6,0,6,0.0,0.0,0,0,7,0.0,0,6,0,3,0.0,19.0,2.73
22972,402925,2557,2,CS367,0,0,0,0,0.0,0,0.0,0,8,0,0,0,0,0,0,0,0,0,8,0,5,6,0,5,0,0,6,7,0,0,5,0,6,5,0,0,5,0,0,0,0,3,6,0,0,6,0,0,0,0,0,0,0,0,0,0,6,0,0,0,0,0,0,0,0,0,0,0,0,0,0,0,0,0,0,0,0,0,0,0,0,3,0,0,0,0,0,0,0,0,0,0,0,0,0.0,0.0,0,0,2,5,5,0,0,5,4,0,7,5,0,0,0,0,8,0,0,0,0,0,0,0,0,0,0.0,0,0.0,0,3,0,0,0,0,0,8,0,0,0.0,0,0,0,0.0,0,0,0,0,0,0.0,0,0,0,0,0,0.0,0.0,7,0.0,5,0,0,0,0,0,3,0,6,0,5,6,0.0,0.0,0.0,0,0.0,0,0,0,6,0,0,0,0,6,0,0,0,7,0,0.0,0.0,0,0,5,0,5,0.0,0.0,0,0,7,0.0,0,5,0,5,0.0,1.0,1.92
22683,398020,2557,2,CS367,0,0,0,0,0.0,0,0.0,0,0,0,0,0,0,0,0,0,0,0,0,0,6,6,0,5,0,0,5,7,0,6,6,0,6,7,0,6,5,0,0,0,0,0,0,0,0,8,0,0,6,0,0,6,0,0,0,0,6,0,0,0,0,0,0,0,0,5,0,0,0,0,0,0,0,0,0,0,0,0,0,0,0,0,0,0,0,0,0,0,0,0,0,0,0,0,0.0,0.0,0,0,2,7,6,0,0,6,5,0,0,0,0,0,0,0,8,0,0,0,0,0,0,0,0,0,0.0,0,0.0,0,3,0,0,0,0,3,0,0,0,0.0,0,0,0,0.0,0,0,0,0,0,0.0,0,0,0,0,0,0.0,0.0,8,0.0,7,0,0,0,0,0,5,0,6,0,7,8,0.0,0.0,0.0,0,0.0,0,0,0,0,0,0,0,0,0,0,0,0,0,0,0.0,0.0,0,0,7,0,6,0.0,0.0,0,0,8,0.0,0,6,0,6,0.0,71.0,3.7
19170,383166,2556,2,CS367,6,0,0,0,0.0,0,0.0,0,0,0,0,0,0,0,0,0,0,0,0,0,6,6,0,6,0,0,6,8,0,5,6,0,6,6,0,6,6,0,0,0,0,0,0,0,0,7,0,0,5,0,0,6,0,0,0,0,6,0,0,0,0,0,0,0,0,5,0,0,0,0,0,0,0,0,0,0,0,0,0,0,0,0,0,0,0,0,0,0,0,0,0,0,0,0,0.0,0.0,0,0,0,5,6,0,0,6,7,0,0,0,0,0,0,0,7,0,0,0,0,0,0,0,0,0,0.0,0,0.0,0,4,0,0,0,0,6,0,0,0,0.0,0,0,0,0.0,0,7,0,0,0,0.0,0,0,0,0,0,0.0,0.0,0,0.0,8,0,0,0,0,0,3,0,6,0,0,5,0.0,0.0,0.0,0,0.0,0,7,0,0,0,0,0,0,0,0,0,0,7,0,0.0,0.0,0,0,6,0,5,0.0,0.0,0,0,7,0.0,0,6,0,4,0.0,1.0,2.64
12987,361070,2555,2,CS367,7,0,0,0,0.0,0,0.0,0,0,0,0,0,0,0,0,0,0,7,0,0,6,6,0,4,0,0,6,7,0,6,6,0,7,6,0,6,6,0,0,0,0,0,0,0,0,0,6,0,6,0,0,6,0,0,0,0,6,0,0,0,0,0,0,0,0,4,0,0,0,0,0,0,0,0,0,0,0,0,0,0,0,0,0,0,0,0,0,0,0,0,0,0,0,0,0.0,0.0,0,0,2,5,5,0,0,6,0,0,0,0,0,0,0,0,7,0,0,0,0,0,0,0,0,0,0.0,0,0.0,0,3,0,0,0,0,6,0,0,0,0.0,0,0,0,0.0,0,7,0,0,0,0.0,0,0,0,0,0,0.0,0.0,0,0.0,6,0,0,0,0,0,5,0,6,0,0,6,0.0,0.0,0.0,0,0.0,6,0,0,0,0,0,0,0,0,0,0,0,0,0,0.0,0.0,0,0,6,0,5,0.0,0.0,0,0,7,0.0,0,6,0,5,0.0,1.0,2.67
9842,351712,2555,2,CS367,8,0,0,0,0.0,0,0.0,0,7,0,0,0,0,0,0,0,0,0,0,0,6,7,0,6,0,0,7,7,0,6,7,0,7,8,0,6,7,0,0,0,0,0,0,0,0,0,0,0,8,0,0,7,0,0,0,0,8,0,0,0,0,0,0,0,0,6,0,0,0,0,0,0,0,0,7,0,0,0,0,0,0,0,0,0,0,0,0,0,0,0,0,0,0,0,0.0,0.0,0,0,0,0,7,0,0,6,8,0,0,0,0,0,0,0,0,0,0,0,0,0,0,0,0,0,0.0,0,0.0,0,3,3,0,0,0,5,0,0,0,0.0,0,0,0,0.0,0,0,0,0,7,0.0,0,0,0,0,0,0.0,0.0,0,0.0,6,0,0,0,0,0,6,0,6,0,0,6,0.0,0.0,0.0,0,0.0,0,0,0,0,0,0,0,0,0,0,0,0,0,0,0.0,0.0,0,0,6,0,7,0.0,0.0,0,0,7,0.0,0,6,0,5,0.0,1.0,3.67
11374,352732,2555,2,CS367,7,0,0,0,0.0,0,0.0,0,0,0,0,0,0,0,0,0,0,0,0,0,6,8,0,7,0,0,7,7,0,7,7,0,7,7,0,7,6,0,0,0,0,0,0,0,0,0,0,0,8,0,0,8,0,0,0,0,7,0,0,0,0,0,0,0,0,7,0,0,0,0,0,0,0,0,7,0,0,0,0,0,0,0,0,0,0,0,0,0,0,0,0,0,0,0,0.0,0.0,0,0,0,5,6,0,0,6,6,0,0,0,0,0,0,0,7,0,0,0,0,0,0,0,0,0,0.0,0,0.0,0,8,8,0,0,0,7,0,0,0,0.0,0,0,0,0.0,0,0,0,0,0,0.0,0,0,0,0,0,0.0,0.0,0,0.0,6,0,0,0,0,0,6,0,6,0,0,7,0.0,0.0,0.0,7,0.0,7,0,0,0,0,0,0,0,0,0,0,8,0,0,0.0,0.0,0,0,6,0,5,0.0,0.0,0,0,7,0.0,0,6,0,5,0.0,1.0,3.12
10988,352723,2555,2,CS367,8,0,0,0,0.0,0,0.0,0,0,0,0,0,0,0,0,0,0,0,0,0,7,7,0,7,0,0,6,7,0,6,6,0,7,6,0,6,7,0,0,0,0,0,0,0,0,0,0,0,6,0,0,6,0,0,0,0,6,0,0,0,0,0,0,0,0,5,0,0,0,0,0,0,0,0,0,0,0,0,0,0,0,0,0,0,0,0,0,0,0,0,0,0,0,0,0.0,0.0,0,0,0,6,6,0,0,7,5,0,0,0,0,0,0,0,7,0,0,0,0,0,0,0,0,0,0.0,0,0.0,0,6,8,0,0,0,7,0,0,0,0.0,0,0,0,0.0,0,0,0,0,0,0.0,0,0,0,0,0,0.0,0.0,0,0.0,6,0,0,0,0,0,7,0,6,0,0,6,0.0,0.0,0.0,0,0.0,7,0,0,0,0,0,0,0,0,0,0,0,0,0,0.0,0.0,0,0,6,0,5,0.0,0.0,0,0,7,0.0,0,7,0,7,0.0,1.0,2.87
12000,354662,2555,2,CS367,6,0,0,0,0.0,0,0.0,0,0,0,0,0,5,0,0,0,0,0,0,0,6,5,0,4,0,0,4,7,0,5,5,0,0,6,0,0,0,0,0,0,0,0,0,0,0,0,0,0,3,0,0,0,0,0,0,0,5,0,0,0,0,0,0,0,0,5,0,0,0,0,0,0,0,0,0,0,0,0,0,0,0,0,0,0,0,0,0,0,0,0,0,0,0,0,0.0,0.0,0,0,0,6,7,0,0,6,6,0,0,0,0,0,0,0,0,0,0,0,0,0,0,0,0,0,0.0,0,0.0,0,3,5,0,0,0,6,0,0,0,0.0,0,0,0,0.0,0,7,0,0,0,0.0,0,0,0,0,0,0.0,0.0,0,0.0,6,0,0,0,0,0,5,0,7,0,0,6,0.0,0.0,0.0,0,0.0,0,0,0,7,0,0,0,0,0,0,0,0,0,0,0.0,0.0,0,0,3,0,6,0.0,0.0,0,0,8,0.0,0,7,0,5,0.0,1.0,3.08
10566,351732,2555,2,CS367,8,0,0,0,0.0,0,0.0,7,7,0,0,0,0,0,0,0,0,0,0,0,6,6,0,5,0,0,5,8,0,6,6,0,6,7,0,6,6,0,0,0,0,0,0,0,0,0,0,0,6,0,0,6,0,0,0,0,6,0,0,0,0,0,0,0,0,6,0,0,0,0,0,0,0,0,0,0,0,0,0,0,0,0,0,0,0,0,0,0,0,0,0,0,0,0,0.0,0.0,0,0,0,6,6,0,0,7,0,0,0,0,0,0,0,0,0,0,0,0,0,0,0,0,0,0,0.0,0,0.0,0,5,6,0,0,0,6,0,0,0,0.0,0,0,0,0.0,0,0,0,0,0,0.0,0,0,0,0,0,0.0,0.0,0,0.0,6,0,0,0,0,0,6,0,7,0,0,7,0.0,0.0,0.0,0,0.0,0,0,0,0,0,0,0,0,7,0,0,0,0,0,0.0,0.0,0,0,7,0,7,0.0,0.0,0,0,7,0.0,8,6,0,5,0.0,24.0,3.71
18641,383153,2556,2,CS367,7,0,0,0,0.0,0,0.0,0,0,0,0,0,0,0,0,0,0,0,0,0,6,5,0,5,0,0,5,8,0,5,6,0,6,7,0,5,5,0,0,0,0,0,0,0,0,0,0,0,5,0,0,5,0,0,0,0,6,0,0,0,0,0,0,0,0,5,0,0,0,0,0,0,0,0,0,0,0,0,0,0,0,0,0,0,0,0,0,0,0,0,0,0,0,0,0.0,0.0,0,0,0,6,7,0,0,7,8,0,0,0,0,0,0,0,7,0,0,0,0,0,0,0,0,0,0.0,0,0.0,0,3,0,0,0,0,3,0,0,0,0.0,0,0,0,0.0,0,0,0,0,0,0.0,0,0,0,0,0,0.0,0.0,0,0.0,7,0,0,0,0,0,3,0,7,0,0,0,0.0,0.0,0.0,0,0.0,0,7,0,0,0,0,0,0,7,0,0,0,7,0,0.0,0.0,0,0,5,0,5,0.0,0.0,0,0,7,0.0,0,5,0,4,0.0,1.0,3.5
4705,336732,2554,2,CS367,6,0,0,0,0.0,0,0.0,0,0,0,0,0,0,0,0,0,0,0,0,0,4,5,0,3,0,0,5,7,0,6,6,0,0,5,0,0,6,0,0,0,0,0,0,0,0,0,0,0,0,0,0,0,0,0,0,0,6,0,0,0,0,0,0,0,0,5,0,0,0,0,0,0,0,0,0,0,0,0,0,0,0,0,0,0,0,0,0,0,0,0,0,0,0,0,0.0,0.0,0,0,0,5,6,0,0,6,6,0,0,0,0,0,0,0,7,0,0,0,0,0,0,0,0,0,0.0,0,0.0,0,3,0,0,0,0,5,0,0,0,0.0,0,0,0,0.0,7,0,0,0,0,0.0,0,0,0,0,0,0.0,0.0,0,0.0,6,0,0,0,0,0,6,0,5,0,0,0,0.0,0.0,0.0,7,0.0,7,0,0,7,0,0,0,8,0,0,0,7,0,0,0.0,0.0,0,0,6,0,5,0.0,0.0,0,0,6,0.0,0,7,0,5,0.0,1.0,2.6
4206,336721,2554,2,CS367,7,0,0,0,0.0,0,0.0,0,0,0,0,0,0,0,0,0,0,0,0,0,6,6,0,6,0,0,7,3,0,6,5,0,5,5,0,6,6,0,0,0,0,0,0,0,0,0,0,0,5,0,0,6,0,0,0,0,7,0,0,0,0,0,0,0,0,0,0,0,0,0,0,0,0,0,0,0,0,0,0,0,0,0,0,0,0,0,0,0,0,0,0,0,0,0,0.0,0.0,0,0,0,5,6,0,0,6,6,0,0,0,0,0,0,0,7,0,0,0,0,0,0,0,0,0,0.0,0,0.0,0,3,0,0,0,0,3,0,0,0,0.0,0,0,0,0.0,0,0,0,0,0,0.0,0,0,0,0,0,0.0,0.0,0,0.0,6,0,0,0,0,0,7,0,6,0,0,4,0.0,0.0,0.0,7,0.0,0,0,0,0,0,0,0,7,7,0,0,0,0,0,0.0,0.0,0,0,6,0,5,0.0,0.0,0,0,6,0.0,0,6,0,6,0.0,27.0,3.26
11332,352731,2556,2,CS367,6,0,0,0,0.0,0,0.0,0,0,0,0,0,0,0,0,0,0,7,0,0,7,7,0,6,0,0,6,7,0,6,6,0,7,6,0,5,6,0,0,0,0,0,0,0,0,5,6,5,5,0,6,6,6,0,0,0,6,0,0,6,6,0,0,0,0,5,0,0,0,0,8,0,0,0,0,0,6,6,0,0,0,6,0,0,3,0,0,0,0,0,0,0,0,0,0.0,0.0,0,0,0,7,7,0,0,6,7,0,0,0,0,0,0,0,7,0,0,0,0,0,0,0,0,0,0.0,0,0.0,0,7,6,0,0,0,6,0,0,0,0.0,0,0,0,0.0,0,0,0,0,0,0.0,0,0,0,0,0,0.0,0.0,0,0.0,6,0,0,0,0,6,0,6,0,0,0,6,0.0,0.0,0.0,0,0.0,0,7,0,0,0,0,0,0,0,0,0,0,0,0,0.0,0.0,0,0,7,0,5,0.0,0.0,0,0,7,0.0,0,6,0,7,0.0,32.0,3.51
8398,351677,2555,2,CS367,8,0,0,0,0.0,0,0.0,0,7,0,0,0,0,0,0,0,0,0,0,0,7,6,0,7,0,0,6,8,0,7,6,0,7,8,0,7,7,0,0,0,0,0,0,0,0,0,0,0,7,0,0,7,0,0,0,0,8,0,0,0,0,0,0,0,0,7,0,0,0,0,0,0,0,0,0,0,0,0,0,0,0,0,0,0,0,0,0,0,0,0,0,0,0,0,0.0,0.0,0,0,0,7,6,0,0,6,7,0,0,0,0,0,0,0,0,0,0,0,0,0,0,0,0,0,0.0,0,0.0,0,3,7,0,0,0,6,0,0,0,0.0,0,0,0,0.0,0,0,0,0,0,0.0,0,0,0,0,0,0.0,0.0,0,0.0,7,0,0,0,0,0,6,0,7,0,0,7,0.0,0.0,0.0,0,0.0,0,0,0,0,0,0,0,0,7,0,0,0,0,0,0.0,0.0,0,0,7,0,6,0.0,0.0,0,0,7,0.0,8,6,0,5,0.0,76.0,3.52
17171,380303,2556,2,CS367,6,0,0,0,0.0,0,0.0,0,0,0,0,0,0,0,0,0,0,0,0,0,6,6,0,6,0,0,6,6,0,6,6,0,7,6,0,6,6,0,0,0,0,0,0,0,0,8,0,0,7,0,0,5,0,0,0,0,6,0,0,0,0,0,0,0,0,5,0,0,0,0,0,0,0,0,0,0,0,0,0,0,0,0,0,0,0,0,0,0,0,0,0,0,0,0,0.0,0.0,0,0,0,6,6,0,0,7,7,0,0,0,0,0,0,0,7,0,0,0,0,0,0,0,0,0,0.0,0,0.0,0,3,0,0,0,0,6,0,0,0,0.0,0,0,0,0.0,0,0,0,0,0,0.0,0,0,0,0,0,0.0,0.0,0,0.0,8,0,0,0,0,0,6,0,6,0,0,6,0.0,0.0,0.0,0,0.0,0,7,0,0,0,0,0,0,7,0,0,0,0,0,0.0,0.0,0,0,7,0,5,0.0,0.0,0,0,7,0.0,0,5,0,6,0.0,1.0,2.91
13721,361096,2555,2,CS367,7,0,0,0,0.0,0,0.0,0,0,0,0,0,0,0,0,0,0,0,0,0,6,5,0,5,0,0,5,8,0,6,6,0,6,6,0,6,6,0,0,0,0,0,0,0,0,0,0,0,6,0,0,6,0,0,0,0,6,0,0,0,0,0,0,0,0,5,0,0,0,0,0,0,0,0,0,0,0,0,0,0,0,0,0,0,0,0,0,0,0,0,0,0,0,0,0.0,0.0,0,0,0,5,6,0,0,6,5,0,0,0,0,0,0,0,8,0,0,0,0,0,0,0,0,0,0.0,0,0.0,0,3,0,0,0,0,5,0,0,0,0.0,0,0,0,0.0,0,8,0,0,0,0.0,0,0,0,0,0,0.0,0.0,0,0.0,6,0,0,0,0,0,6,0,6,0,0,3,0.0,0.0,0.0,7,0.0,7,0,0,8,0,0,0,0,0,0,0,0,0,0,0.0,0.0,0,0,7,0,6,0.0,0.0,0,0,7,0.0,0,6,0,3,0.0,20.0,2.93
17124,380302,2556,2,CS367,6,0,0,0,0.0,0,0.0,0,0,0,0,0,0,0,0,0,0,0,0,0,6,7,0,6,0,0,6,6,0,6,6,0,6,6,0,6,5,0,0,0,0,0,0,0,0,7,0,0,7,0,0,6,0,0,0,0,7,0,0,0,0,0,0,0,0,5,0,0,0,0,0,0,0,0,0,0,0,0,0,0,0,0,0,0,0,0,0,0,0,0,0,0,0,0,0.0,0.0,0,0,0,6,7,0,0,6,7,0,0,0,0,0,0,0,7,0,0,0,0,0,0,0,0,0,0.0,0,0.0,0,5,8,0,0,0,6,0,0,0,0.0,0,0,0,0.0,0,0,0,0,0,0.0,0,0,0,0,0,0.0,0.0,0,0.0,8,0,0,0,0,0,6,0,6,0,0,6,0.0,0.0,0.0,0,0.0,0,7,0,0,0,0,0,0,6,0,0,0,7,0,0.0,0.0,0,0,7,0,5,0.0,0.0,0,0,7,0.0,0,5,0,6,0.0,20.0,3.1
5165,336743,2554,2,CS367,7,0,0,0,0.0,0,0.0,0,0,0,0,0,0,0,0,0,0,0,0,0,6,6,0,5,0,0,5,7,0,5,5,0,6,5,0,6,5,0,0,0,0,0,0,0,0,0,0,0,4,0,0,6,0,0,0,0,7,0,0,0,0,0,0,0,0,5,0,0,0,0,0,0,0,0,0,0,0,0,0,0,0,0,0,0,0,0,0,0,0,0,0,0,0,0,0.0,0.0,0,0,0,5,6,0,0,6,6,0,0,0,0,0,0,0,7,0,0,0,0,0,0,0,0,0,0.0,0,0.0,0,3,3,0,0,0,5,0,0,0,0.0,0,0,0,0.0,8,0,0,0,0,0.0,0,0,0,0,0,0.0,0.0,0,0.0,6,0,0,0,0,0,7,0,6,0,0,3,0.0,0.0,0.0,7,0.0,0,0,0,7,0,0,0,8,0,0,0,7,0,0,0.0,0.0,0,0,5,0,5,0.0,0.0,0,0,6,0.0,0,6,0,5,0.0,11.0,2.47
9092,351693,2556,2,CS367,8,0,0,0,0.0,0,0.0,7,7,0,0,0,0,0,0,0,0,0,0,0,6,6,0,5,0,0,5,7,0,5,5,0,5,7,0,5,5,0,0,0,0,0,0,0,0,6,7,5,5,6,0,6,6,0,6,0,6,7,0,6,0,0,0,0,0,5,0,0,0,0,8,0,0,0,0,0,6,0,6,0,0,0,0,0,0,0,0,0,0,0,0,0,0,0,0.0,0.0,0,0,0,7,5,0,0,6,5,0,0,0,0,0,0,0,0,0,0,0,0,0,0,0,0,0,0.0,0,0.0,0,5,3,0,0,0,3,0,0,0,0.0,0,0,0,0.0,0,0,0,0,0,0.0,0,0,0,0,0,0.0,0.0,0,0.0,5,0,0,0,0,0,6,0,6,0,0,6,0.0,0.0,0.0,0,0.0,0,0,0,0,0,0,0,0,0,0,0,0,0,0,0.0,0.0,0,0,7,0,7,0.0,0.0,0,0,7,0.0,6,7,0,6,0.0,90.0,3.4
7443,345353,2555,2,CS367,7,0,0,0,0.0,0,0.0,7,7,0,0,0,0,0,0,0,0,0,0,0,7,8,0,8,0,0,7,6,0,7,8,0,7,6,0,6,7,0,0,0,0,0,0,0,0,0,0,0,8,0,0,6,0,0,0,0,7,0,0,0,0,0,0,0,0,6,0,0,0,0,0,0,0,0,6,0,0,0,0,0,0,0,0,0,0,0,0,0,0,0,0,0,0,0,0.0,0.0,0,0,2,5,5,0,0,5,4,0,0,0,0,0,0,0,5,0,0,0,0,0,0,0,0,0,0.0,0,0.0,0,5,7,0,0,0,7,0,0,0,0.0,0,0,0,0.0,0,0,0,0,0,0.0,0,0,0,0,0,0.0,0.0,0,0.0,5,0,0,0,0,0,6,0,6,0,0,6,0.0,0.0,0.0,0,0.0,0,0,0,0,0,0,0,0,0,0,0,0,0,0,0.0,0.0,0,0,7,0,6,0.0,0.0,0,0,5,0.0,0,5,0,7,0.0,1.0,3.67
11531,352739,2555,2,CS367,7,0,0,0,0.0,0,0.0,0,0,0,0,0,0,0,0,0,0,0,0,0,6,6,0,5,0,0,6,7,0,6,6,0,7,6,0,6,5,0,0,0,0,0,0,0,0,0,0,0,6,0,0,7,0,0,0,0,6,0,0,0,0,0,0,0,0,5,0,0,0,0,0,0,0,0,6,0,0,0,0,0,0,0,0,0,0,0,0,0,0,0,0,0,0,0,0.0,0.0,0,0,0,6,5,0,0,6,6,0,0,0,0,0,0,0,7,0,0,0,0,0,0,0,0,0,0.0,0,0.0,0,7,6,0,0,0,5,0,0,0,0.0,0,0,0,0.0,0,0,0,0,0,0.0,0,0,0,0,0,0.0,0.0,0,0.0,6,0,0,0,0,0,6,0,6,0,0,6,0.0,0.0,0.0,7,0.0,7,0,0,0,0,0,0,0,0,0,0,7,0,0,0.0,0.0,0,0,5,0,5,0.0,0.0,0,0,7,0.0,0,6,0,5,0.0,1.0,2.84
8041,351670,2555,2,CS367,7,0,0,0,0.0,0,0.0,0,0,0,0,0,0,0,0,0,0,0,0,0,6,8,0,8,0,0,8,7,0,7,7,0,7,6,0,6,7,0,0,0,0,0,0,0,0,0,0,0,6,0,0,6,0,0,0,0,5,0,0,0,0,0,0,0,0,5,0,0,0,0,0,0,0,0,0,0,0,0,0,0,0,0,0,0,0,0,0,0,0,0,0,0,0,0,0.0,0.0,0,0,2,7,6,0,0,7,5,0,0,0,0,0,0,0,0,0,0,0,0,0,0,0,0,0,0.0,0,0.0,0,6,6,0,0,0,6,0,0,0,0.0,0,0,0,0.0,0,0,0,0,0,0.0,0,0,0,0,0,0.0,0.0,0,0.0,5,0,0,0,0,0,6,0,6,0,0,6,0.0,0.0,0.0,0,0.0,0,0,0,0,0,0,0,0,0,0,0,0,0,0,0.0,0.0,0,0,6,0,6,0.0,0.0,0,0,6,0.0,0,6,0,7,0.0,86.0,3.29
13516,361086,2555,2,CS367,7,0,0,0,0.0,0,0.0,0,0,0,0,0,0,0,0,0,0,0,0,0,7,8,0,8,0,0,8,7,0,7,6,0,6,6,0,6,7,0,0,0,0,0,0,0,0,0,3,0,7,0,0,6,0,0,0,0,5,0,0,0,0,0,0,0,0,6,0,0,0,0,0,0,0,0,0,0,0,0,0,0,0,0,0,0,0,0,0,0,0,0,0,0,0,0,0.0,0.0,0,0,0,5,6,0,0,6,5,0,0,0,0,0,0,0,7,0,0,0,0,0,0,0,0,0,0.0,0,0.0,0,8,8,0,0,0,7,0,0,0,0.0,0,0,0,0.0,0,0,0,0,0,0.0,0,0,0,0,0,0.0,0.0,0,0.0,6,0,0,0,0,0,7,0,8,0,0,6,0.0,0.0,0.0,0,0.0,0,0,0,0,0,0,0,0,0,0,0,0,0,0,0.0,0.0,0,0,7,0,6,0.0,0.0,0,0,7,0.0,0,6,0,8,0.0,12.0,2.98
12411,354673,2556,2,CS367,7,0,0,0,0.0,0,0.0,0,0,0,0,0,0,0,0,0,0,0,0,0,6,5,0,5,0,0,6,6,0,6,7,0,7,7,0,7,7,0,0,0,0,0,0,0,0,6,0,3,3,3,0,7,3,0,0,0,7,3,3,3,0,0,0,0,0,5,0,0,0,0,0,0,0,0,0,0,0,0,0,0,0,0,0,0,0,0,0,0,0,0,0,0,0,0,0.0,0.0,0,0,0,3,6,0,0,5,5,0,0,0,0,0,0,0,7,0,0,0,0,0,0,0,0,0,0.0,0,0.0,0,3,0,0,0,0,7,0,0,0,0.0,0,0,0,0.0,0,7,0,0,0,0.0,0,0,0,0,0,0.0,0.0,0,0.0,6,0,0,0,0,0,5,0,6,0,0,7,0.0,0.0,0.0,0,0.0,7,0,0,8,0,0,0,0,0,0,0,0,0,0,0.0,0.0,0,0,6,0,6,0.0,0.0,0,0,7,0.0,0,6,0,5,0.0,40.0,3.16
12300,354671,2555,2,CS367,7,0,0,0,0.0,0,0.0,0,0,0,0,0,0,0,0,0,0,0,0,0,6,5,0,5,0,0,6,8,0,6,6,0,7,7,0,6,6,0,0,0,0,0,0,0,0,0,0,0,3,0,0,6,0,0,0,0,6,0,0,0,0,0,0,0,0,5,0,0,0,0,0,0,0,0,0,0,0,0,0,0,0,0,0,0,0,0,0,0,0,0,0,0,0,0,0.0,0.0,0,0,0,6,6,0,0,6,5,0,0,0,0,0,0,0,8,0,0,0,0,0,0,0,0,0,0.0,0,0.0,0,3,0,0,0,0,6,0,0,0,0.0,0,0,0,0.0,0,0,0,0,0,0.0,0,0,0,0,0,0.0,0.0,0,0.0,6,0,0,0,0,0,5,0,6,0,0,6,0.0,0.0,0.0,7,0.0,7,0,0,8,0,0,0,0,0,0,0,0,0,0,0.0,0.0,0,0,6,0,5,0.0,0.0,0,0,7,0.0,0,7,0,5,0.0,20.0,3.43
5232,336745,2554,2,CS367,8,0,0,0,0.0,0,0.0,0,0,0,0,0,0,0,0,0,0,0,0,0,6,7,0,5,0,0,6,0,0,6,5,0,6,5,0,5,5,0,0,0,0,0,0,0,0,0,0,0,5,0,0,6,0,0,0,0,8,0,0,0,0,0,0,0,0,5,0,0,0,0,0,0,0,0,0,0,0,0,0,0,0,0,0,0,0,0,0,0,0,0,0,0,0,0,0.0,0.0,0,0,0,5,6,0,0,6,5,0,0,0,0,0,0,0,7,0,0,0,0,0,0,0,0,0,0.0,0,0.0,0,3,7,0,0,0,5,0,0,0,0.0,0,0,0,0.0,7,0,0,0,0,0.0,0,0,0,0,0,0.0,0.0,0,0.0,6,0,0,0,0,0,6,0,6,0,0,5,0.0,0.0,0.0,0,0.0,6,0,0,0,0,0,0,7,0,0,0,7,0,0,0.0,0.0,0,0,6,0,5,0.0,0.0,0,0,7,0.0,0,6,0,6,0.0,1.0,3.44
17067,380300,2556,2,CS367,7,0,0,0,0.0,0,0.0,0,0,0,0,0,0,0,0,0,0,0,0,0,6,6,0,6,0,0,5,8,0,6,6,0,6,6,0,6,5,0,0,0,0,0,0,0,0,7,0,0,6,0,0,6,0,0,0,0,6,0,0,0,0,0,0,0,0,5,0,0,0,0,0,0,0,0,0,0,0,0,0,0,0,0,0,0,0,0,0,0,0,0,0,0,0,0,0.0,0.0,0,0,2,6,6,0,0,6,5,0,0,0,0,0,0,0,7,0,0,0,0,0,0,0,0,0,0.0,0,0.0,0,3,7,0,0,0,5,0,0,0,0.0,0,0,0,0.0,0,7,0,0,0,0.0,0,0,0,0,0,0.0,0.0,0,0.0,8,0,0,0,0,0,5,0,6,0,0,6,0.0,0.0,0.0,0,0.0,0,0,0,0,0,0,0,0,7,0,0,0,7,0,0.0,0.0,0,0,7,0,5,0.0,0.0,0,0,7,0.0,0,5,0,4,0.0,1.0,3.33
23396,402937,2557,2,CS367,0,0,0,0,0.0,0,0.0,0,0,0,0,0,0,0,0,8,0,0,7,0,5,6,0,5,0,0,5,7,0,6,6,0,5,6,0,5,5,0,0,0,0,0,0,0,0,7,0,0,5,0,0,5,0,0,0,0,5,0,0,0,0,0,0,0,0,4,0,0,0,0,0,0,0,0,0,0,0,0,0,0,0,0,0,0,0,0,0,0,0,0,0,0,0,0,0.0,0.0,0,0,0,6,7,0,0,6,6,0,0,0,0,0,0,0,8,0,0,0,0,0,0,0,0,0,0.0,0,0.0,0,5,0,0,0,0,3,0,0,0,0.0,0,0,0,0.0,0,0,0,0,0,0.0,0,0,0,0,0,0.0,0.0,0,0.0,8,0,0,0,0,0,5,0,6,0,0,6,0.0,0.0,0.0,0,0.0,0,0,0,0,0,0,0,0,0,0,0,0,0,0,0.0,0.0,0,0,6,0,6,0.0,0.0,0,0,7,0.0,0,6,0,6,0.0,19.0,2.12
13215,361076,2557,2,CS367,0,0,0,0,0.0,0,0.0,0,0,0,0,0,0,0,0,0,0,0,0,0,5,4,0,7,0,0,5,7,0,6,6,0,5,6,0,6,5,0,0,0,0,0,4,0,0,5,5,5,5,0,0,5,0,0,0,0,6,0,0,6,5,0,0,0,0,6,0,0,0,0,7,4,0,0,0,0,0,7,0,0,0,6,0,0,0,0,0,0,0,0,0,0,0,0,0.0,0.0,0,0,0,6,6,0,0,6,5,0,0,0,0,0,0,0,7,0,0,0,0,0,0,0,0,0,0.0,0,0.0,0,4,6,0,0,0,4,0,0,0,0.0,0,0,0,0.0,0,7,0,0,0,0.0,0,0,0,0,0,0.0,0.0,0,0.0,6,0,0,0,0,0,5,0,6,0,0,6,0.0,0.0,0.0,7,0.0,7,0,0,7,0,0,0,0,0,0,0,0,0,0,0.0,0.0,0,0,7,0,6,0.0,0.0,0,0,7,0.0,0,6,0,5,0.0,1.0,3.36
4951,336737,2554,2,CS367,6,0,0,0,0.0,0,0.0,0,0,0,0,0,0,0,0,0,0,0,0,0,6,6,0,5,0,0,5,4,0,5,5,0,6,5,0,5,5,0,0,0,0,0,0,0,0,0,0,0,4,0,0,6,0,0,0,0,6,0,0,0,0,0,0,0,0,0,0,0,0,0,0,0,0,0,0,0,0,0,0,0,0,0,0,0,0,0,0,0,0,0,0,0,0,0,0.0,0.0,0,0,2,5,5,0,0,5,6,0,0,0,0,0,0,0,7,0,0,0,0,0,0,0,0,0,0.0,0,0.0,0,3,0,0,0,0,0,0,0,0,0.0,0,0,0,0.0,7,7,0,0,0,0.0,0,0,0,0,0,0.0,0.0,0,0.0,6,0,0,0,0,0,7,0,5,0,0,5,0.0,0.0,0.0,7,0.0,7,0,0,8,0,0,0,0,8,8,0,7,0,0,0.0,0.0,0,0,6,0,5,0.0,0.0,0,0,5,0.0,0,6,0,6,0.0,1.0,2.55
22257,398007,2557,2,CS367,0,0,0,0,0.0,0,0.0,0,0,0,0,0,0,0,0,0,0,0,7,0,7,7,0,6,0,0,7,7,0,6,7,0,8,7,0,6,6,0,0,0,0,0,0,0,0,7,0,0,7,0,0,7,0,0,0,0,7,0,0,0,0,0,0,0,0,5,0,0,0,0,0,0,0,0,0,0,0,0,0,0,0,7,0,0,0,0,0,0,0,0,0,0,0,0,0.0,0.0,0,0,2,6,6,0,0,5,5,0,0,0,0,0,0,0,8,0,0,0,0,0,0,0,0,0,0.0,0,0.0,0,6,6,0,0,0,6,0,0,0,0.0,0,0,0,0.0,0,0,0,0,0,0.0,0,0,0,0,0,0.0,0.0,0,0.0,7,0,0,0,0,0,6,0,7,0,0,7,0.0,0.0,0.0,0,0.0,0,0,0,0,0,0,0,0,0,0,0,0,0,0,0.0,0.0,0,0,7,0,6,0.0,0.0,0,0,7,0.0,0,7,0,6,0.0,12.0,3.08
5772,336756,2554,2,CS367,3,0,0,0,0.0,5,0.0,0,7,0,0,0,0,0,0,0,0,0,0,0,5,6,0,4,0,0,4,6,0,3,3,0,4,5,0,5,6,0,0,0,0,0,0,0,0,0,0,0,0,0,0,0,0,0,0,0,6,0,0,0,0,0,0,0,0,0,0,0,0,0,0,0,0,0,0,0,0,0,0,0,0,0,0,0,0,0,0,0,0,0,0,0,0,0,0.0,0.0,0,0,0,6,6,0,0,6,0,0,0,0,0,0,0,0,7,0,0,0,0,0,0,0,0,0,0.0,0,0.0,0,5,5,0,0,0,5,0,0,0,0.0,0,0,0,0.0,0,7,0,0,0,0.0,0,0,0,0,0,0.0,0.0,0,0.0,5,0,0,0,0,3,0,3,0,0,0,4,0.0,0.0,0.0,0,0.0,7,0,0,7,0,0,0,7,0,0,0,7,0,0,0.0,0.0,0,0,7,0,4,0.0,0.0,0,0,5,0.0,0,5,0,5,0.0,1.0,2.66
3845,336714,2554,2,CS367,6,0,0,0,0.0,0,0.0,0,0,0,0,0,0,0,0,0,0,0,0,0,5,6,0,5,0,0,5,6,0,5,5,0,5,5,0,5,5,0,0,0,0,0,0,0,0,0,0,0,4,0,0,6,0,0,0,0,7,0,0,0,0,0,0,0,0,5,0,0,0,0,0,0,0,0,0,0,0,0,0,0,0,0,0,0,0,0,0,0,0,0,0,0,0,0,0.0,0.0,0,0,0,5,6,0,0,6,6,0,0,0,0,0,0,0,7,0,0,0,0,0,0,0,0,0,0.0,0,0.0,0,5,3,0,0,0,5,0,0,0,0.0,0,0,0,0.0,0,0,0,0,0,0.0,0,0,0,0,0,0.0,0.0,0,0.0,6,0,0,0,0,0,6,0,5,0,0,5,0.0,0.0,0.0,0,0.0,7,0,0,7,0,0,0,8,8,0,0,7,0,0,0.0,0.0,0,0,6,0,5,0.0,0.0,0,0,6,0.0,0,6,0,6,0.0,1.0,3.11
17491,380312,2556,2,CS367,6,0,0,0,0.0,0,0.0,0,0,0,0,0,0,0,0,0,0,0,0,0,6,5,0,6,0,0,5,8,0,5,6,0,5,6,0,5,6,0,0,0,0,0,0,0,0,7,0,0,5,0,0,5,0,0,0,0,6,0,0,0,0,0,0,0,0,5,0,0,0,0,0,0,0,0,0,0,0,0,0,0,0,0,0,0,0,0,0,0,0,0,0,0,0,0,0.0,0.0,0,0,0,3,3,0,0,6,0,0,0,0,0,0,0,0,8,0,0,0,0,0,0,0,0,0,0.0,0,0.0,0,5,0,0,0,0,5,0,0,0,0.0,0,0,0,0.0,0,7,0,0,0,0.0,0,0,0,0,0,0.0,0.0,0,0.0,8,0,0,0,0,0,6,0,6,0,0,0,0.0,0.0,0.0,0,0.0,0,7,0,0,0,0,0,0,7,0,0,0,7,0,0.0,0.0,0,0,6,0,5,0.0,0.0,0,0,7,0.0,0,5,0,4,0.0,1.0,2.9
23864,402950,2557,2,CS367,0,0,0,0,0.0,0,0.0,0,0,0,0,0,0,0,0,0,7,0,7,0,6,6,0,6,0,0,6,7,0,6,5,0,6,6,0,6,5,0,0,0,0,0,0,0,0,6,0,0,5,0,0,5,0,0,0,0,5,0,0,0,0,0,0,0,0,5,0,0,0,0,0,0,0,0,0,0,0,0,0,0,0,0,0,0,0,0,0,0,0,0,0,0,0,0,0.0,0.0,0,0,0,6,6,0,0,5,6,0,0,0,0,0,0,0,7,0,0,0,0,0,0,0,0,0,0.0,0,0.0,0,6,3,0,0,0,3,0,0,0,0.0,0,0,0,0.0,0,0,0,0,0,0.0,0,0,0,0,0,0.0,0.0,0,0.0,7,0,0,0,0,0,5,0,7,0,0,7,0.0,0.0,0.0,0,0.0,0,0,0,0,0,0,0,0,0,0,0,0,0,0,0.0,0.0,0,0,6,0,5,0.0,0.0,0,0,8,0.0,0,6,0,6,0.0,1.0,1.79
13365,361079,2556,2,CS367,7,0,0,0,0.0,0,0.0,0,0,0,0,0,0,0,0,8,8,7,0,0,5,5,0,4,0,0,4,7,0,5,6,0,5,6,0,5,5,0,0,0,0,0,0,0,0,6,0,5,5,6,0,5,0,0,0,0,4,0,0,6,0,0,0,0,0,0,0,0,0,0,8,0,0,0,0,0,0,0,0,0,0,0,0,0,0,0,0,0,0,0,0,0,0,0,0.0,0.0,0,0,0,6,6,0,0,6,5,0,0,0,0,0,0,0,8,0,0,0,0,0,0,0,0,0,0.0,0,0.0,0,3,0,0,0,0,3,0,0,0,0.0,0,0,0,0.0,0,0,0,0,0,0.0,0,0,0,0,0,0.0,0.0,0,0.0,6,0,0,0,0,0,5,0,6,0,0,3,0.0,0.0,0.0,0,0.0,7,7,0,0,0,0,0,0,8,0,0,0,8,0,0.0,0.0,0,0,7,0,5,0.0,0.0,0,0,7,0.0,0,6,0,3,0.0,1.0,3.33
22792,398026,2557,2,CS367,0,0,0,0,0.0,0,0.0,0,0,0,0,0,0,0,0,0,0,0,0,0,6,6,0,5,0,0,5,7,0,6,6,0,6,6,0,5,5,0,0,0,0,0,0,0,0,8,0,0,6,0,0,6,0,0,0,0,6,0,0,0,0,0,0,0,0,3,0,0,0,0,0,0,0,0,0,0,0,0,0,0,0,0,0,0,0,0,0,0,0,0,0,0,0,0,0.0,0.0,0,0,0,7,6,0,0,6,6,0,0,0,0,0,0,0,8,0,0,0,0,0,0,0,0,0,0.0,0,0.0,0,7,3,0,0,0,3,0,0,0,0.0,0,0,0,0.0,0,0,0,0,0,0.0,0,0,0,0,0,0.0,0.0,7,0.0,8,0,0,0,0,0,5,0,6,0,0,8,0.0,0.0,0.0,0,0.0,0,0,0,0,0,0,0,0,0,0,0,0,0,0,0.0,0.0,0,0,7,0,5,0.0,0.0,0,0,8,0.0,0,6,0,7,0.0,1.0,2.91
16140,379799,2557,2,CS367,0,0,0,0,0.0,0,0.0,0,0,0,0,0,0,0,0,0,0,0,0,0,8,8,0,8,0,0,8,8,0,8,7,0,8,7,0,7,8,0,0,0,0,0,0,0,0,7,7,0,6,0,0,0,0,0,0,0,0,0,0,0,0,0,0,0,0,7,0,0,0,0,8,0,0,0,0,0,0,0,0,0,0,0,8,0,8,8,0,0,0,0,0,0,0,0,0.0,0.0,0,0,0,0,7,0,0,8,8,0,0,0,0,0,0,0,0,0,0,7,0,6,0,0,0,7,0.0,0,0.0,0,7,8,0,0,0,6,0,0,0,0.0,0,0,0,0.0,0,0,0,0,0,0.0,0,0,0,0,0,0.0,0.0,0,0.0,7,0,0,0,0,0,6,0,7,0,0,6,0.0,0.0,0.0,0,0.0,0,0,0,0,0,0,0,0,0,0,0,0,0,0,0.0,0.0,0,0,7,7,6,0.0,0.0,0,0,0,0.0,0,6,0,7,0.0,1.0,2.68
17277,380306,2556,2,CS367,7,0,0,0,0.0,0,0.0,0,0,0,0,0,0,0,0,7,0,0,0,0,6,5,0,5,0,0,5,8,0,5,6,0,6,6,0,5,5,0,0,0,0,0,0,0,0,0,0,0,6,0,0,6,0,0,0,0,6,0,0,0,0,0,0,0,0,5,0,0,0,0,0,0,0,0,0,0,0,0,0,0,0,0,0,0,0,0,0,0,0,0,0,0,0,0,0.0,0.0,0,0,2,6,6,0,0,6,7,0,0,0,0,0,0,0,7,0,0,0,0,0,0,0,0,0,0.0,0,0.0,0,3,0,0,0,0,6,0,0,0,0.0,0,0,0,0.0,0,7,0,0,0,0.0,0,0,0,0,0,0.0,0.0,0,0.0,8,0,0,0,0,0,3,0,6,0,0,5,0.0,0.0,0.0,0,0.0,0,0,0,0,0,0,0,0,7,0,0,0,7,0,0.0,0.0,0,0,7,0,5,0.0,0.0,0,0,7,0.0,0,5,0,5,0.0,30.0,3.51
18380,383146,2556,2,CS367,3,0,0,0,0.0,0,0.0,0,0,0,0,0,0,0,0,0,3,0,0,0,6,6,0,7,0,0,6,6,0,6,3,0,5,5,0,0,3,0,0,0,0,0,0,0,0,0,0,0,6,0,0,0,0,0,0,0,6,0,0,0,0,0,0,0,0,5,0,0,0,0,0,0,0,0,0,0,0,0,0,0,0,0,0,0,0,0,0,0,0,0,0,0,0,0,0.0,0.0,0,0,3,3,0,0,0,0,0,0,0,0,0,0,0,0,7,0,0,0,0,0,0,0,0,0,0.0,0,0.0,0,3,0,0,0,0,6,0,0,0,0.0,0,0,0,0.0,0,0,0,0,0,0.0,0,0,0,0,0,0.0,0.0,0,0.0,6,0,0,0,0,0,3,0,3,0,0,4,0.0,0.0,0.0,0,0.0,0,0,0,0,0,0,0,0,6,0,0,0,0,0,0.0,0.0,0,0,6,0,3,0.0,0.0,0,0,6,0.0,0,0,0,6,0.0,70.0,2.31
8098,351671,2555,2,CS367,7,0,0,0,0.0,0,0.0,7,8,0,0,0,0,0,0,0,0,0,0,0,7,8,0,8,0,0,7,8,0,8,7,0,7,7,0,7,8,0,0,0,0,0,0,0,0,0,0,0,7,0,0,7,0,0,0,0,8,0,0,0,0,0,0,0,0,6,0,0,0,0,0,0,0,0,0,0,0,0,0,0,0,0,0,0,0,0,0,0,0,0,0,0,0,0,0.0,0.0,0,0,0,8,7,0,0,7,7,0,0,0,0,0,0,0,7,0,0,0,0,0,0,0,0,0,0.0,0,0.0,0,5,6,0,0,0,6,0,0,0,0.0,0,0,0,0.0,0,0,0,0,0,0.0,0,0,0,0,0,0.0,0.0,0,0.0,7,0,0,0,0,0,7,0,7,0,0,6,0.0,0.0,0.0,0,0.0,0,0,0,0,0,0,0,0,0,0,0,0,0,0,0.0,0.0,0,0,8,0,7,0.0,0.0,0,0,7,0.0,0,7,0,8,0.0,1.0,3.64
17996,383133,2556,2,CS367,7,0,0,0,0.0,0,0.0,0,0,0,0,0,0,0,0,0,0,0,0,0,6,6,0,6,0,0,6,8,0,6,6,0,6,5,0,5,6,0,0,0,0,0,0,0,0,8,0,0,6,0,0,6,0,0,0,0,6,0,0,0,0,0,0,0,0,5,0,0,0,0,0,0,0,0,0,0,0,0,0,0,0,0,0,0,0,0,0,0,0,0,0,0,0,0,0.0,0.0,0,0,0,6,6,0,0,6,8,0,0,0,0,0,0,0,8,0,0,0,0,0,0,0,0,0,0.0,0,0.0,0,6,7,0,0,0,5,0,0,0,0.0,0,0,0,0.0,0,7,0,0,0,0.0,0,0,0,0,0,0.0,0.0,0,0.0,7,0,0,0,0,0,5,0,6,0,0,8,0.0,0.0,0.0,0,0.0,0,7,0,0,0,0,0,0,0,0,0,0,0,0,0.0,0.0,0,0,6,0,5,0.0,0.0,0,0,7,0.0,0,5,0,6,0.0,1.0,3.43
19275,383168,2556,2,CS367,7,0,0,0,0.0,0,0.0,0,0,0,0,0,0,0,0,0,0,0,0,0,6,6,0,6,0,0,6,7,0,6,6,0,6,7,0,7,6,0,0,0,0,0,0,0,0,7,0,0,6,0,0,6,0,0,0,0,6,0,0,0,0,0,0,0,0,5,0,0,0,0,0,0,0,0,0,0,0,0,0,0,0,0,0,0,0,0,0,0,0,0,0,0,0,0,0.0,0.0,0,0,2,7,6,0,0,7,6,0,0,0,0,0,0,0,7,0,0,0,0,0,0,0,0,0,0.0,0,0.0,0,3,7,0,0,0,6,0,0,0,0.0,0,0,0,0.0,0,7,0,0,0,0.0,0,0,0,0,0,0.0,0.0,0,0.0,8,0,0,0,0,0,3,0,6,0,0,7,0.0,0.0,0.0,0,0.0,0,0,0,0,0,0,0,0,0,0,0,0,0,0,0.0,0.0,0,0,7,0,5,0.0,0.0,0,0,7,0.0,0,6,0,5,0.0,84.0,2.88
12466,354677,2555,2,CS367,7,0,0,0,0.0,0,0.0,0,0,0,0,0,0,0,0,7,0,8,0,0,5,6,0,4,0,0,4,6,0,5,3,0,3,5,0,3,6,0,0,0,0,0,0,0,0,0,0,0,0,0,0,0,0,0,0,0,5,0,0,0,0,0,0,0,0,0,0,0,0,0,0,0,0,0,0,0,0,0,0,0,0,0,0,0,0,0,0,0,0,0,0,0,0,0,0.0,0.0,0,0,0,5,3,0,0,6,0,0,0,0,0,0,0,0,7,0,0,0,0,0,0,0,0,0,0.0,0,0.0,0,3,0,0,0,0,0,0,0,0,0.0,0,0,0,0.0,0,7,0,0,0,0.0,0,0,0,0,0,0.0,0.0,0,0.0,6,0,0,0,0,0,5,0,6,0,0,5,0.0,0.0,0.0,7,0.0,0,0,0,7,0,0,0,0,6,0,0,0,0,0,0.0,0.0,0,0,6,0,6,0.0,0.0,0,0,8,0.0,0,6,0,4,0.0,85.0,3.21
